Neighborhood,Neighborhood Latitude,Neighborhood Longitude,Venue,Venue Latitude,Venue Longitude,Venue Category
"Regent Park, Harbourfront",43.6542599,-79.3606359,Izumi,43.6499697935016,-79.36015326451906,Asian Restaurant
"Regent Park, Harbourfront",43.6542599,-79.3606359,Oriental Taste,43.655304,-79.365312,Chinese Restaurant
"Regent Park, Harbourfront",43.6542599,-79.3606359,Mengrai Gourmet Thai,43.654102,-79.3668,Thai Restaurant
"Regent Park, Harbourfront",43.6542599,-79.3606359,BOKU,43.65001483887497,-79.36024123514828,Japanese Restaurant
"Regent Park, Harbourfront",43.6542599,-79.3606359,Lime Sushi,43.655771,-79.363776,Sushi Restaurant
"Lawrence Manor, Lawrence Heights",43.718517999999996,-79.46476329999999,Lac Vien Vietnamese Restaurant,43.72125878799614,-79.46847226859448,Asian Restaurant
"Queen's Park, Ontario Provincial Government",43.6623015,-79.3894938,Sushi Box,43.66295954544153,-79.38657996066198,Sushi Restaurant
"Queen's Park, Ontario Provincial Government",43.6623015,-79.3894938,Tokyo Grill,43.665085238149395,-79.38470692554789,Japanese Restaurant
"Queen's Park, Ontario Provincial Government",43.6623015,-79.3894938,Colaba Junction,43.66094,-79.385635,Indian Restaurant
"Queen's Park, Ontario Provincial Government",43.6623015,-79.3894938,Tokyo Sushi,43.665885330936845,-79.38697684868161,Sushi Restaurant
"Queen's Park, Ontario Provincial Government",43.6623015,-79.3894938,Sushi Garden,43.66485840073255,-79.38494112880176,Sushi Restaurant
"Queen's Park, Ontario Provincial Government",43.6623015,-79.3894938,Thai Express,43.66163,-79.38734,Thai Restaurant
"Queen's Park, Ontario Provincial Government",43.6623015,-79.3894938,Crown Princess Fine Dining 伯爵名宴,43.66645492941117,-79.38769789187712,Chinese Restaurant
"Queen's Park, Ontario Provincial Government",43.6623015,-79.3894938,Mr. Tonkatsu,43.66438157920901,-79.38440717744646,Japanese Restaurant
"Queen's Park, Ontario Provincial Government",43.6623015,-79.3894938,Not Just Noodles,43.664969727622335,-79.3846589877698,Chinese Restaurant
"Queen's Park, Ontario Provincial Government",43.6623015,-79.3894938,Seoulicious,43.665304,-79.384902,Korean Restaurant
"Queen's Park, Ontario Provincial Government",43.6623015,-79.3894938,Duck,43.660739056022976,-79.38391327857971,Chinese Restaurant
"Queen's Park, Ontario Provincial Government",43.6623015,-79.3894938,Thai Express,43.66162,-79.387636,Thai Restaurant
"Queen's Park, Ontario Provincial Government",43.6623015,-79.3894938,Teriyaki Experience,43.66007931016272,-79.38819408416748,Japanese Restaurant
"Queen's Park, Ontario Provincial Government",43.6623015,-79.3894938,Thai Fantasy,43.66506976184129,-79.38468883871423,Thai Restaurant
"Queen's Park, Ontario Provincial Government",43.6623015,-79.3894938,Manchu Wok,43.658808,-79.390989,Chinese Restaurant
"Queen's Park, Ontario Provincial Government",43.6623015,-79.3894938,Tandori,43.66037739502107,-79.38468020304279,Indian Restaurant
"Queen's Park, Ontario Provincial Government",43.6623015,-79.3894938,Sushi Shop,43.66162,-79.387636,Sushi Restaurant
"Queen's Park, Ontario Provincial Government",43.6623015,-79.3894938,Hana Sushi,43.662029,-79.38458,Japanese Restaurant
"Queen's Park, Ontario Provincial Government",43.6623015,-79.3894938,Ramen Raijin 雷神,43.6651907105415,-79.38597392728876,Ramen Restaurant
"Queen's Park, Ontario Provincial Government",43.6623015,-79.3894938,E Sushi,43.66425280040932,-79.38417436177954,Japanese Restaurant
"Queen's Park, Ontario Provincial Government",43.6623015,-79.3894938,Thai Bowl,43.66114813474454,-79.38370938361426,Thai Restaurant
"Queen's Park, Ontario Provincial Government",43.6623015,-79.3894938,China King,43.66066880084518,-79.38390494519587,Chinese Restaurant
"Queen's Park, Ontario Provincial Government",43.6623015,-79.3894938,Teriyaki Experience,43.66079338771189,-79.3837308883667,Japanese Restaurant
"Queen's Park, Ontario Provincial Government",43.6623015,-79.3894938,Sushi & BBQ,43.66526698320756,-79.38486347815568,Asian Restaurant
"Queen's Park, Ontario Provincial Government",43.6623015,-79.3894938,SUSHI! By Bento Nouveau,43.65987777709961,-79.38936614990234,Sushi Restaurant
"Queen's Park, Ontario Provincial Government",43.6623015,-79.3894938,Bento Sushi at TGH,43.6587,-79.3895,Sushi Restaurant
"Queen's Park, Ontario Provincial Government",43.6623015,-79.3894938,Sushi Sky,43.66244625914365,-79.3836036410283,Japanese Restaurant
"Queen's Park, Ontario Provincial Government",43.6623015,-79.3894938,Kaizen Sushi and Sake Bar,43.664327,-79.384389,Sushi Restaurant
"Queen's Park, Ontario Provincial Government",43.6623015,-79.3894938,Kenzo Japanese Noodle House,43.66370201195534,-79.38405261531642,Ramen Restaurant
"Queen's Park, Ontario Provincial Government",43.6623015,-79.3894938,Four Four South Village 四四南村,43.66228,-79.383712,Taiwanese Restaurant
"Malvern, Rouge",43.806686299999996,-79.19435340000001,Meena's Fine Foods,43.80447575837742,-79.19975280761719,Indian Restaurant
Don Mills,43.745905799999996,-79.352188,Gonoe Sushi,43.74573681959921,-79.34599119916211,Japanese Restaurant
Don Mills,43.745905799999996,-79.352188,Yummy BBQ,43.74827,-79.34858,Korean Restaurant
Don Mills,43.745905799999996,-79.352188,Old Time Chinese Cuisine,43.74831408387403,-79.34716835618019,Chinese Restaurant
"Parkview Hill, Woodbine Gardens",43.7063972,-79.309937,977 Cafe,43.70699928709498,-79.31028642975146,Asian Restaurant
"Parkview Hill, Woodbine Gardens",43.7063972,-79.309937,Truly India,43.709098074196895,-79.31006669998169,Indian Restaurant
"Garden District, Ryerson",43.6571618,-79.37893709999999,Salad King,43.65760101432665,-79.38161963017174,Asian Restaurant
"Garden District, Ryerson",43.6571618,-79.37893709999999,Banh Mi Boys,43.659292,-79.381949,Vietnamese Restaurant
"Garden District, Ryerson",43.6571618,-79.37893709999999,Kinka Izakaya Original,43.66059636632361,-79.37889120754515,Japanese Restaurant
"Garden District, Ryerson",43.6571618,-79.37893709999999,Kinton Ramen,43.660631695006714,-79.37887964897601,Japanese Restaurant
"Garden District, Ryerson",43.6571618,-79.37893709999999,GB Hand-Pulled Noodles,43.65643422548463,-79.3837827356398,Chinese Restaurant
"Garden District, Ryerson",43.6571618,-79.37893709999999,KAKA,43.65745745164475,-79.38419169987876,Japanese Restaurant
"Garden District, Ryerson",43.6571618,-79.37893709999999,Katsuya,43.65986035759321,-79.37878806223506,Japanese Restaurant
"Garden District, Ryerson",43.6571618,-79.37893709999999,Thai On Yonge,43.658607309508525,-79.38199875669441,Thai Restaurant
"Garden District, Ryerson",43.6571618,-79.37893709999999,Spring Sushi,43.656252529816086,-79.38065954471074,Japanese Restaurant
"Garden District, Ryerson",43.6571618,-79.37893709999999,Fine Asian Bowl,43.6553866,-79.3803264,Vietnamese Restaurant
"Garden District, Ryerson",43.6571618,-79.37893709999999,Bangkok Garden,43.6578702903203,-79.38283718957292,Thai Restaurant
"Garden District, Ryerson",43.6571618,-79.37893709999999,Taiyaki NYC - Toronto,43.65558,-79.384462,Japanese Restaurant
"Garden District, Ryerson",43.6571618,-79.37893709999999,Ginger,43.6579231306468,-79.38166539589534,Vietnamese Restaurant
"Garden District, Ryerson",43.6571618,-79.37893709999999,Good View Chinese Restaurant,43.656791249922385,-79.37613917916755,Chinese Restaurant
"Garden District, Ryerson",43.6571618,-79.37893709999999,Spring Rolls,43.655997379987994,-79.38245534190555,Asian Restaurant
"Garden District, Ryerson",43.6571618,-79.37893709999999,Ruby Thai,43.65523934091542,-79.3807971087209,Thai Restaurant
"Garden District, Ryerson",43.6571618,-79.37893709999999,Basil Box,43.65774644233037,-79.38162767228032,Asian Restaurant
"Garden District, Ryerson",43.6571618,-79.37893709999999,You Don Ya 優丼家,43.655718,-79.3842,Japanese Restaurant
"Garden District, Ryerson",43.6571618,-79.37893709999999,Don Don Izakaya どんどん居酒屋,43.65558823131444,-79.3844538083497,Japanese Restaurant
"Garden District, Ryerson",43.6571618,-79.37893709999999,Hokkaido Ramen Santouka らーめん山頭火,43.65643520293576,-79.37758637997793,Ramen Restaurant
"Garden District, Ryerson",43.6571618,-79.37893709999999,Rolltation Sushi Burrito,43.6567086718623,-79.38091993331908,Asian Restaurant
"Garden District, Ryerson",43.6571618,-79.37893709999999,Curry Kitchen,43.65665043296668,-79.37665239602984,Indian Restaurant
"Garden District, Ryerson",43.6571618,-79.37893709999999,DAGU RICE NOODLE Toronto 大鼓米线,43.655632071035924,-79.38428033833824,Noodle House
"Garden District, Ryerson",43.6571618,-79.37893709999999,Akashiro,43.655496338568675,-79.38060621196091,Japanese Restaurant
"Garden District, Ryerson",43.6571618,-79.37893709999999,Kyoto Katsugyu,43.656757,-79.376119,Japanese Restaurant
"Garden District, Ryerson",43.6571618,-79.37893709999999,Beijing Dumplings,43.65641597882597,-79.38378268218985,Chinese Restaurant
"Garden District, Ryerson",43.6571618,-79.37893709999999,MII Sandwich Co.,43.65630558616052,-79.38070487601242,Vietnamese Restaurant
"Garden District, Ryerson",43.6571618,-79.37893709999999,Sushi Style,43.65610684700598,-79.37779612611503,Japanese Restaurant
"Garden District, Ryerson",43.6571618,-79.37893709999999,Joe's Buffet Palace,43.65804526092245,-79.3818051473709,Indian Restaurant
"Garden District, Ryerson",43.6571618,-79.37893709999999,H Mart,43.65756619799771,-79.3815375088334,Grocery Store
"Garden District, Ryerson",43.6571618,-79.37893709999999,Teryaki Experience,43.65510750123749,-79.38090832012912,Asian Restaurant
"Garden District, Ryerson",43.6571618,-79.37893709999999,Teriyaki Experience,43.65523135692755,-79.3812000447024,Japanese Restaurant
"Garden District, Ryerson",43.6571618,-79.37893709999999,Amaya Express,43.65511507244638,-79.38077284097331,Indian Restaurant
"Garden District, Ryerson",43.6571618,-79.37893709999999,Matagali,43.657096494539225,-79.38484273141869,Indian Restaurant
"Garden District, Ryerson",43.6571618,-79.37893709999999,California Thai,43.65636652255975,-79.38097794058562,Thai Restaurant
"Garden District, Ryerson",43.6571618,-79.37893709999999,Shanghai 360,43.65450604545589,-79.38089365748557,Chinese Restaurant
"Garden District, Ryerson",43.6571618,-79.37893709999999,Sushi-Q,43.65480108229508,-79.3808126449585,Japanese Restaurant
"Garden District, Ryerson",43.6571618,-79.37893709999999,Kushimaru,43.6566,-79.383495,Japanese Restaurant
"Garden District, Ryerson",43.6571618,-79.37893709999999,Shitamachi Tendon Akimitsu,43.65732,-79.38362,Japanese Restaurant
"Garden District, Ryerson",43.6571618,-79.37893709999999,Teriyaki Experience,43.655926119774925,-79.38329463125922,Japanese Restaurant
"Garden District, Ryerson",43.6571618,-79.37893709999999,Sushi & bbbop,43.6590924310851,-79.38278878242429,Korean Restaurant
"Garden District, Ryerson",43.6571618,-79.37893709999999,Konjiki Ramen,43.657449,-79.38368,Noodle House
"Garden District, Ryerson",43.6571618,-79.37893709999999,Koryo Korean Barbeque,43.654438,-79.380699,Korean Restaurant
"Garden District, Ryerson",43.6571618,-79.37893709999999,Akashiro Japanese Restaurant & Bar,43.65596504293232,-79.38054070644233,Sushi Restaurant
"Garden District, Ryerson",43.6571618,-79.37893709999999,Szechuan Express,43.65510823589989,-79.38078955718764,Chinese Restaurant
"Garden District, Ryerson",43.6571618,-79.37893709999999,Thai Express,43.653224,-79.380327,Thai Restaurant
"Garden District, Ryerson",43.6571618,-79.37893709999999,Michi Roll and Sushi,43.657136952133385,-79.37826196080671,Sushi Restaurant
"Garden District, Ryerson",43.6571618,-79.37893709999999,Indian Flavour,43.65564910619165,-79.38411937886697,Indian Restaurant
"Garden District, Ryerson",43.6571618,-79.37893709999999,Mi’hito Sushi Laboratory,43.65708,-79.381587,Sushi Restaurant
"Garden District, Ryerson",43.6571618,-79.37893709999999,Artisan Plus,43.655685,-79.38433,Chinese Restaurant
Glencairn,43.709577,-79.44507259999999,Miyako Sushi Restaurant,43.709111,-79.44393,Japanese Restaurant
Glencairn,43.709577,-79.44507259999999,Li Cheng Restaurant,43.70882792296303,-79.44336647383521,Asian Restaurant
Glencairn,43.709577,-79.44507259999999,Miyako sushi,43.70771711350962,-79.44759734474424,Asian Restaurant
Glencairn,43.709577,-79.44507259999999,Shahi The Royal Roti,43.706613,-79.442614,Indian Restaurant
Glencairn,43.709577,-79.44507259999999,Kokoro Sushi,43.7090306314996,-79.44405331675999,Sushi Restaurant
"West Deane Park, Princess Gardens, Martin Grove, Islington, Cloverdale",43.6509432,-79.55472440000001,Carolina's Cuisina,43.648863,-79.549504,Filipino Restaurant
Don Mills,43.72589970000001,-79.340923,Memories of Japan,43.727078,-79.340794,Japanese Restaurant
Don Mills,43.72589970000001,-79.340923,Genghis Khan Mongolian Grill,43.7269059862849,-79.34121626053623,Asian Restaurant
Don Mills,43.72589970000001,-79.340923,Asian Legend,43.7265905030894,-79.34218786843495,Dim Sum Restaurant
Don Mills,43.72589970000001,-79.340923,Congee Star 帝王名粥,43.72658622416194,-79.34183343111253,Chinese Restaurant
Don Mills,43.72589970000001,-79.340923,Pho 88 發發餐廳,43.72664201962024,-79.3423446449432,Asian Restaurant
Don Mills,43.72589970000001,-79.340923,Asian Bay,43.72719039999999,-79.3415565,Asian Restaurant
Woodbine Heights,43.695343900000005,-79.3183887,Hakka Fire,43.69303,-79.315832,Hakka Restaurant
St. James Town,43.6514939,-79.3754179,Gyu-Kaku Japanese BBQ,43.651422275497914,-79.37504693687086,Japanese Restaurant
St. James Town,43.6514939,-79.3754179,NAMI,43.650853361785124,-79.37588746641697,Japanese Restaurant
St. James Town,43.6514939,-79.3754179,Sukhothai,43.64848710249909,-79.37454735245633,Thai Restaurant
St. James Town,43.6514939,-79.3754179,Bob's Bulgogi,43.65190800954796,-79.37752300562582,Korean Restaurant
St. James Town,43.6514939,-79.3754179,Bombay Palace,43.65117354457489,-79.37213984452025,Indian Restaurant
St. James Town,43.6514939,-79.3754179,Golden Thai Restaurant,43.65252473089013,-79.37536916039467,Thai Restaurant
St. James Town,43.6514939,-79.3754179,Sakura Ichiban Japanese Cuisine,43.651624139281495,-79.37246371370311,Japanese Restaurant
St. James Town,43.6514939,-79.3754179,Sweet Lulu,43.65055650489936,-79.38117543224395,Asian Restaurant
St. James Town,43.6514939,-79.3754179,Bindia Indian Bistro,43.64855916613238,-79.37181600953608,Indian Restaurant
St. James Town,43.6514939,-79.3754179,Szechuan Express,43.650655954097054,-79.37946220756815,Asian Restaurant
St. James Town,43.6514939,-79.3754179,Mr. Sushi,43.65026041719557,-79.37626431487176,Sushi Restaurant
St. James Town,43.6514939,-79.3754179,TCJ Restaurant,43.65329078510988,-79.37534292740793,Asian Restaurant
St. James Town,43.6514939,-79.3754179,Thai Express,43.649066,-79.37693,Thai Restaurant
St. James Town,43.6514939,-79.3754179,Thai Express,43.6497393194015,-79.37892482660588,Thai Restaurant
St. James Town,43.6514939,-79.3754179,Spring Rolls,43.652059959600045,-79.37547500431533,Asian Restaurant
St. James Town,43.6514939,-79.3754179,Springrolls Go,43.651874,-79.375457,Asian Restaurant
St. James Town,43.6514939,-79.3754179,Ichiban Sushi,43.648591,-79.374284,Japanese Restaurant
St. James Town,43.6514939,-79.3754179,Thai Island,43.65056717656215,-79.37953368902575,Asian Restaurant
St. James Town,43.6514939,-79.3754179,Teriyaki Experience,43.64935160150102,-79.37860250473022,Japanese Restaurant
St. James Town,43.6514939,-79.3754179,Mean Bao,43.650355,-79.380121,Asian Restaurant
St. James Town,43.6514939,-79.3754179,Ninki Sushi,43.649812174244005,-79.37951837924346,Japanese Restaurant
St. James Town,43.6514939,-79.3754179,Bibab Express,43.64777722179773,-79.37606402937946,Asian Restaurant
St. James Town,43.6514939,-79.3754179,Ying Ying Soy Food,43.64899366575782,-79.37149443782867,Chinese Restaurant
St. James Town,43.6514939,-79.3754179,Thai Express,43.653224,-79.380327,Thai Restaurant
St. James Town,43.6514939,-79.3754179,Yip's Kitchen,43.64865937093581,-79.37162358189659,Asian Restaurant
St. James Town,43.6514939,-79.3754179,Teriyaki quik sushi,43.64845254569627,-79.37184637587276,Japanese Restaurant
St. James Town,43.6514939,-79.3754179,Sushi Q,43.65188788534948,-79.37791709674049,Sushi Restaurant
St. James Town,43.6514939,-79.3754179,Butter Chicken Roti,43.65082,-79.36983,Indian Restaurant
St. James Town,43.6514939,-79.3754179,Katana on Bay,43.650299,-79.380858,Sushi Restaurant
St. James Town,43.6514939,-79.3754179,SweetLulu,43.65057180991095,-79.38123273009326,Asian Restaurant
St. James Town,43.6514939,-79.3754179,China Wok,43.648124357760885,-79.37912129571566,Chinese Restaurant
St. James Town,43.6514939,-79.3754179,Pick 6ix,43.64764548097961,-79.37726694070217,Sushi Restaurant
St. James Town,43.6514939,-79.3754179,Manchu Wok,43.647368,-79.377372,Chinese Restaurant
St. James Town,43.6514939,-79.3754179,Bikkuri Japanese,43.649564308142,-79.37632789169632,Japanese Restaurant
St. James Town,43.6514939,-79.3754179,Thai Express,43.648842,-79.379996,Thai Restaurant
St. James Town,43.6514939,-79.3754179,Bibab Express Sushi n Rolls,43.647768473383785,-79.37441438333167,Sushi Restaurant
St. James Town,43.6514939,-79.3754179,Bento Nouveau,43.64872477519558,-79.37929175183983,Sushi Restaurant
St. James Town,43.6514939,-79.3754179,Bi Bap Express,43.64745335026021,-79.37667439097233,Sushi Restaurant
"Guildwood, Morningside, West Hill",43.7635726,-79.1887115,China Gourmet king,43.76484909334235,-79.19164180755615,Chinese Restaurant
"Guildwood, Morningside, West Hill",43.7635726,-79.1887115,Indias Flavor,43.766228257307354,-79.19129848480225,Indian Restaurant
The Beaches,43.67635739999999,-79.2930312,Seaspray Restaurant,43.678887885937094,-79.29816674246032,Asian Restaurant
Berczy Park,43.644770799999996,-79.3733064,Sukhothai,43.64848710249909,-79.37454735245633,Thai Restaurant
Berczy Park,43.644770799999996,-79.3733064,Chotto Matte,43.646473,-79.378782,Japanese Restaurant
Berczy Park,43.644770799999996,-79.3733064,Bindia Indian Bistro,43.64855916613238,-79.37181600953608,Indian Restaurant
Berczy Park,43.644770799999996,-79.3733064,Oyshi Sushi,43.64234005516476,-79.37585304260914,Sushi Restaurant
Berczy Park,43.644770799999996,-79.3733064,Thai Island,43.64687091962083,-79.37848796874363,Asian Restaurant
Berczy Park,43.644770799999996,-79.3733064,Ichiban Sushi,43.648591,-79.374284,Japanese Restaurant
Berczy Park,43.644770799999996,-79.3733064,Bibab Express,43.64777722179773,-79.37606402937946,Asian Restaurant
Berczy Park,43.644770799999996,-79.3733064,Water Front,43.641509989233214,-79.37586057462151,Chinese Restaurant
Berczy Park,43.644770799999996,-79.3733064,Teriyaki quik sushi,43.64845254569627,-79.37184637587276,Japanese Restaurant
Berczy Park,43.644770799999996,-79.3733064,Manchu Wok,43.647368,-79.377372,Chinese Restaurant
Berczy Park,43.644770799999996,-79.3733064,Yip's Kitchen,43.64865937093581,-79.37162358189659,Asian Restaurant
Berczy Park,43.644770799999996,-79.3733064,Pick 6ix,43.64764548097961,-79.37726694070217,Sushi Restaurant
Berczy Park,43.644770799999996,-79.3733064,Ying Ying Soy Food,43.64899366575782,-79.37149443782867,Chinese Restaurant
Berczy Park,43.644770799999996,-79.3733064,Kibo Sushi House,43.643418,-79.375694,Sushi Restaurant
Berczy Park,43.644770799999996,-79.3733064,Tamarind: The Indian Kitchen,43.646859,-79.378707,Indian Restaurant
Berczy Park,43.644770799999996,-79.3733064,Bibab Express Sushi n Rolls,43.647768473383785,-79.37441438333167,Sushi Restaurant
Berczy Park,43.644770799999996,-79.3733064,Bi Bap Express,43.64745335026021,-79.37667439097233,Sushi Restaurant
Berczy Park,43.644770799999996,-79.3733064,My Roti Place,43.64172,-79.37581,North Indian Restaurant
Woburn,43.7709921,-79.21691740000001,Korean Grill House,43.7708117291354,-79.21450208834013,Korean Restaurant
Woburn,43.7709921,-79.21691740000001,Al-Hamd Biryani & Pizza,43.767584639731936,-79.21956957790067,Indian Restaurant
Leaside,43.7090604,-79.3634517,Kintako Japanese Restaurant,43.71159659251094,-79.36396207124376,Sushi Restaurant
Leaside,43.7090604,-79.3634517,Bento Sushi,43.7098932,-79.3617131,Sushi Restaurant
Leaside,43.7090604,-79.3634517,Maki Sushi,43.710126553259734,-79.3624657192103,Sushi Restaurant
Leaside,43.7090604,-79.3634517,ND sushi and grill,43.711486,-79.363887,Sushi Restaurant
Leaside,43.7090604,-79.3634517,Mong Sushi & Grill,43.7115185288775,-79.3638717218132,Sushi Restaurant
Leaside,43.7090604,-79.3634517,Tao Northern Chinese Cuisine,43.712281,-79.364335,Peking Duck Restaurant
Central Bay Street,43.6579524,-79.3873826,KAKA,43.65745745164475,-79.38419169987876,Japanese Restaurant
Central Bay Street,43.6579524,-79.3873826,Rolltation,43.65491791857301,-79.3874242454196,Japanese Restaurant
Central Bay Street,43.6579524,-79.3873826,GB Hand-Pulled Noodles,43.65643422548463,-79.3837827356398,Chinese Restaurant
Central Bay Street,43.6579524,-79.3873826,Japango,43.65526771691681,-79.38516506734886,Japanese Restaurant
Central Bay Street,43.6579524,-79.3873826,Banh Mi Boys,43.659292,-79.381949,Vietnamese Restaurant
Central Bay Street,43.6579524,-79.3873826,Yueh Tung Chinese Restaurant,43.655281263429195,-79.3853365267765,Chinese Restaurant
Central Bay Street,43.6579524,-79.3873826,Salad King,43.65760101432665,-79.38161963017174,Asian Restaurant
Central Bay Street,43.6579524,-79.3873826,Taiyaki NYC - Toronto,43.65558,-79.384462,Japanese Restaurant
Central Bay Street,43.6579524,-79.3873826,Colaba Junction,43.66094,-79.385635,Indian Restaurant
Central Bay Street,43.6579524,-79.3873826,Thai On Yonge,43.658607309508525,-79.38199875669441,Thai Restaurant
Central Bay Street,43.6579524,-79.3873826,Indian Biriyani House,43.65511996683289,-79.3866447102921,Indian Restaurant
Central Bay Street,43.6579524,-79.3873826,Bangkok Garden,43.6578702903203,-79.38283718957292,Thai Restaurant
Central Bay Street,43.6579524,-79.3873826,Mt. Fuji Sushi,43.658472403990906,-79.38511985125754,Sushi Restaurant
Central Bay Street,43.6579524,-79.3873826,Kathy's Sushi and Bento,43.65503087178274,-79.38672401443158,Sushi Restaurant
Central Bay Street,43.6579524,-79.3873826,Lai Wah Heen,43.65503785867478,-79.38589043402241,Chinese Restaurant
Central Bay Street,43.6579524,-79.3873826,Hong Shing Chinese Restaurant,43.65492521335936,-79.38708916106386,Chinese Restaurant
Central Bay Street,43.6579524,-79.3873826,Gyugyuya,43.65517430782575,-79.38641572866027,Japanese Restaurant
Central Bay Street,43.6579524,-79.3873826,Thai Express,43.655835,-79.38813,Thai Restaurant
Central Bay Street,43.6579524,-79.3873826,Gallery Sushi,43.6544805461278,-79.39063459151606,Sushi Restaurant
Central Bay Street,43.6579524,-79.3873826,Bapbo,43.65553601067675,-79.38496978837556,Korean Restaurant
Central Bay Street,43.6579524,-79.3873826,Omai,43.656006,-79.392494,Japanese Restaurant
Central Bay Street,43.6579524,-79.3873826,Kimchi Korea House,43.655392068371754,-79.38541213481933,Korean Restaurant
Central Bay Street,43.6579524,-79.3873826,Evergreen Thai,43.655173628701625,-79.38632578763185,Thai Restaurant
Central Bay Street,43.6579524,-79.3873826,Don Don Izakaya どんどん居酒屋,43.65558823131444,-79.3844538083497,Japanese Restaurant
Central Bay Street,43.6579524,-79.3873826,You Don Ya 優丼家,43.655718,-79.3842,Japanese Restaurant
Central Bay Street,43.6579524,-79.3873826,Thai Express,43.66163,-79.38734,Thai Restaurant
Central Bay Street,43.6579524,-79.3873826,Wah Too Seafood Restaurant,43.65483285234745,-79.38720597193928,Chinese Restaurant
Central Bay Street,43.6579524,-79.3873826,Ginger,43.6579231306468,-79.38166539589534,Vietnamese Restaurant
Central Bay Street,43.6579524,-79.3873826,Spring Rolls,43.655997379987994,-79.38245534190555,Asian Restaurant
Central Bay Street,43.6579524,-79.3873826,Matagali,43.657096494539225,-79.38484273141869,Indian Restaurant
Central Bay Street,43.6579524,-79.3873826,DAGU RICE NOODLE Toronto 大鼓米线,43.655632071035924,-79.38428033833824,Noodle House
Central Bay Street,43.6579524,-79.3873826,Yutaka,43.655291106246246,-79.38572518250544,Japanese Restaurant
Central Bay Street,43.6579524,-79.3873826,Sansotei Ramen 三草亭,43.655157467561246,-79.38650067479335,Ramen Restaurant
Central Bay Street,43.6579524,-79.3873826,Torch Sushi & Bento,43.655067064321585,-79.38673193379086,Sushi Restaurant
Central Bay Street,43.6579524,-79.3873826,Duck,43.660739056022976,-79.38391327857971,Chinese Restaurant
Central Bay Street,43.6579524,-79.3873826,Beijing Dumplings,43.65641597882597,-79.38378268218985,Chinese Restaurant
Central Bay Street,43.6579524,-79.3873826,Basil Box,43.65774644233037,-79.38162767228032,Asian Restaurant
Central Bay Street,43.6579524,-79.3873826,Teriyaki Experience,43.66007931016272,-79.38819408416748,Japanese Restaurant
Central Bay Street,43.6579524,-79.3873826,New Treasure Restaurant,43.65538444237565,-79.3853618106867,Dim Sum Restaurant
Central Bay Street,43.6579524,-79.3873826,Thai Express,43.657463,-79.390369,Thai Restaurant
Central Bay Street,43.6579524,-79.3873826,Konjiki Ramen,43.657449,-79.38368,Noodle House
Central Bay Street,43.6579524,-79.3873826,Epicure City BOM Bibimbap,43.65524687645686,-79.38676951809875,Korean Restaurant
Central Bay Street,43.6579524,-79.3873826,Manchu Wok,43.658808,-79.390989,Chinese Restaurant
Central Bay Street,43.6579524,-79.3873826,Shitamachi Tendon Akimitsu,43.65732,-79.38362,Japanese Restaurant
Central Bay Street,43.6579524,-79.3873826,Mo'Ramyun,43.65614757920083,-79.39228230349781,Korean Restaurant
Central Bay Street,43.6579524,-79.3873826,Kushimaru,43.6566,-79.383495,Japanese Restaurant
Central Bay Street,43.6579524,-79.3873826,Tandori,43.66037739502107,-79.38468020304279,Indian Restaurant
Central Bay Street,43.6579524,-79.3873826,Gyubee Japanese Grill,43.655363,-79.384955,Japanese Restaurant
Central Bay Street,43.6579524,-79.3873826,Artisan Plus,43.655685,-79.38433,Chinese Restaurant
Central Bay Street,43.6579524,-79.3873826,Indian Flavour,43.65564910619165,-79.38411937886697,Indian Restaurant
Christie,43.669542,-79.4225637,Gobo sushi,43.670783469721805,-79.42128720533807,Japanese Restaurant
Christie,43.669542,-79.4225637,Thai Mango,43.671756,-79.4211,Thai Restaurant
Christie,43.669542,-79.4225637,Kinton Ramen Bloor,43.67391537924366,-79.42263793971506,Japanese Restaurant
Christie,43.669542,-79.4225637,Bento Sushi,43.6709778,-79.4275737,Sushi Restaurant
Cedarbrae,43.773136,-79.23947609999999,Thai One On,43.77446763641413,-79.24126833717742,Thai Restaurant
Cedarbrae,43.773136,-79.23947609999999,Federick Restaurant,43.77469659057996,-79.24114242818267,Hakka Restaurant
"Bathurst Manor, Wilson Heights, Downsview North",43.7543283,-79.4422593,Wakame Sushi,43.755382185036986,-79.44094461257187,Japanese Restaurant
"Bathurst Manor, Wilson Heights, Downsview North",43.7543283,-79.4422593,Suhan Dumplings,43.754976,-79.442352,Korean Restaurant
"Bathurst Manor, Wilson Heights, Downsview North",43.7543283,-79.4422593,China Court,43.75578017077131,-79.43743743256304,Chinese Restaurant
Thorncliffe Park,43.7053689,-79.34937190000001,Iqbal Kebab & Sweet Centre,43.705923230061344,-79.35152127765924,Indian Restaurant
Thorncliffe Park,43.7053689,-79.34937190000001,Hakka Garden,43.704578351261326,-79.34977027417523,Indian Restaurant
Thorncliffe Park,43.7053689,-79.34937190000001,Haandi,43.704666,-79.349506,Indian Restaurant
Thorncliffe Park,43.7053689,-79.34937190000001,Original Barrio Fiesta,43.706002599734134,-79.34727349331206,Filipino Restaurant
Thorncliffe Park,43.7053689,-79.34937190000001,Famous Wok,43.70579722868971,-79.34570584391139,Chinese Restaurant
"Richmond, Adelaide, King",43.65057120000001,-79.3845675,Bosk at Shangri-La,43.649022736761516,-79.38582635521233,Asian Restaurant
"Richmond, Adelaide, King",43.65057120000001,-79.3845675,Noodle King,43.65170632794881,-79.38304628912547,Asian Restaurant
"Richmond, Adelaide, King",43.65057120000001,-79.3845675,Fune Japanese Restaurant,43.64851365544565,-79.38645657820041,Japanese Restaurant
"Richmond, Adelaide, King",43.65057120000001,-79.3845675,Ninki Izakaya,43.65022782352305,-79.38486260004564,Japanese Restaurant
"Richmond, Adelaide, King",43.65057120000001,-79.3845675,JaBistro,43.64968685893743,-79.38809001547467,Japanese Restaurant
"Richmond, Adelaide, King",43.65057120000001,-79.3845675,Pai,43.64792310735613,-79.38857932631602,Thai Restaurant
"Richmond, Adelaide, King",43.65057120000001,-79.3845675,Little India Restaurant,43.65031880877208,-79.38899760320798,Indian Restaurant
"Richmond, Adelaide, King",43.65057120000001,-79.3845675,Sweet Lulu,43.65055650489936,-79.38117543224395,Asian Restaurant
"Richmond, Adelaide, King",43.65057120000001,-79.3845675,Hakata Ikkousha Ramen,43.650299,-79.388753,Noodle House
"Richmond, Adelaide, King",43.65057120000001,-79.3845675,Thai Island,43.64914597811404,-79.38379835292523,Thai Restaurant
"Richmond, Adelaide, King",43.65057120000001,-79.3845675,Momofuku Noodle Bar,43.6493658716176,-79.38621652451032,Asian Restaurant
"Richmond, Adelaide, King",43.65057120000001,-79.3845675,Queen Mother Cafe,43.650401,-79.389156,Thai Restaurant
"Richmond, Adelaide, King",43.65057120000001,-79.3845675,Ruby Thai (First Canadian Place),43.64909140219368,-79.38159990145141,Thai Restaurant
"Richmond, Adelaide, King",43.65057120000001,-79.3845675,Yuzu No Hana,43.6483011115534,-79.3883359381972,Japanese Restaurant
"Richmond, Adelaide, King",43.65057120000001,-79.3845675,Tachi,43.65059603893127,-79.38339613055128,Sushi Restaurant
"Richmond, Adelaide, King",43.65057120000001,-79.3845675,Ematei 絵馬亭,43.65115644866129,-79.38898951275146,Japanese Restaurant
"Richmond, Adelaide, King",43.65057120000001,-79.3845675,Modern Wok,43.64733928217316,-79.38435103029407,Chinese Restaurant
"Richmond, Adelaide, King",43.65057120000001,-79.3845675,Ho Ga Oriental Cuisine,43.648043265436314,-79.383108374673,Asian Restaurant
"Richmond, Adelaide, King",43.65057120000001,-79.3845675,Thai Express,43.648116,-79.384479,Thai Restaurant
"Richmond, Adelaide, King",43.65057120000001,-79.3845675,Ramen Isshin,43.65053290822287,-79.38360143813185,Japanese Restaurant
"Richmond, Adelaide, King",43.65057120000001,-79.3845675,Szechuan Express,43.650655954097054,-79.37946220756815,Asian Restaurant
"Richmond, Adelaide, King",43.65057120000001,-79.3845675,Lee Chen Asian Bistro,43.64700977986747,-79.38653557408938,Asian Restaurant
"Richmond, Adelaide, King",43.65057120000001,-79.3845675,Niuda Hand-Pulled Noodles,43.650469484027525,-79.38909798860549,Chinese Restaurant
"Richmond, Adelaide, King",43.65057120000001,-79.3845675,Ginger,43.65030593749864,-79.38918869467479,Vietnamese Restaurant
"Richmond, Adelaide, King",43.65057120000001,-79.3845675,Wikki Hut,43.65052888986753,-79.38342187846952,Asian Restaurant
"Richmond, Adelaide, King",43.65057120000001,-79.3845675,Little Dailo,43.650722,-79.382809,Chinese Restaurant
"Richmond, Adelaide, King",43.65057120000001,-79.3845675,Little Khao,43.650317,-79.383917,Thai Restaurant
"Richmond, Adelaide, King",43.65057120000001,-79.3845675,Bibab Express,43.650442786309945,-79.38335749932767,Korean Restaurant
"Richmond, Adelaide, King",43.65057120000001,-79.3845675,Koya Japan,43.6490990795264,-79.3835970395686,Japanese Restaurant
"Richmond, Adelaide, King",43.65057120000001,-79.3845675,Woklicious,43.65174989639756,-79.3830362088302,Chinese Restaurant
"Richmond, Adelaide, King",43.65057120000001,-79.3845675,Teppanyaki Grill,43.651509717133855,-79.38218593597412,Japanese Restaurant
"Richmond, Adelaide, King",43.65057120000001,-79.3845675,Maezo Restaurant & Bar,43.651090520885205,-79.38184261322021,Indian Restaurant
"Richmond, Adelaide, King",43.65057120000001,-79.3845675,Korean Grill House,43.650259683866906,-79.38924990371137,Korean Restaurant
"Richmond, Adelaide, King",43.65057120000001,-79.3845675,SweetLulu,43.65057180991095,-79.38123273009326,Asian Restaurant
"Richmond, Adelaide, King",43.65057120000001,-79.3845675,Thai Island,43.64694534397991,-79.38249379202722,Thai Restaurant
"Richmond, Adelaide, King",43.65057120000001,-79.3845675,Szechuan Express,43.64893917972509,-79.38197692739651,Chinese Restaurant
"Richmond, Adelaide, King",43.65057120000001,-79.3845675,Ho Shim,43.64823812201464,-79.38290974652757,Japanese Restaurant
"Richmond, Adelaide, King",43.65057120000001,-79.3845675,Amaya Express,43.64863591762842,-79.38205397702801,Indian Restaurant
"Richmond, Adelaide, King",43.65057120000001,-79.3845675,Thai Express,43.6497393194015,-79.37892482660588,Thai Restaurant
"Richmond, Adelaide, King",43.65057120000001,-79.3845675,Katana on Bay,43.650299,-79.380858,Sushi Restaurant
"Richmond, Adelaide, King",43.65057120000001,-79.3845675,Teriyaki Experience,43.6484976494426,-79.38200354576111,Japanese Restaurant
"Richmond, Adelaide, King",43.65057120000001,-79.3845675,Kid Lee,43.649068,-79.381284,Asian Restaurant
"Richmond, Adelaide, King",43.65057120000001,-79.3845675,Bento Zushi,43.6474764445407,-79.38455924125307,Asian Restaurant
"Richmond, Adelaide, King",43.65057120000001,-79.3845675,JC Food Market,43.64921175406505,-79.38691641682182,Grocery Store
"Richmond, Adelaide, King",43.65057120000001,-79.3845675,Mean Bao,43.650355,-79.380121,Asian Restaurant
"Richmond, Adelaide, King",43.65057120000001,-79.3845675,Akco Lounge/Ho-Shim,43.648113179731794,-79.38277847292676,Japanese Restaurant
"Richmond, Adelaide, King",43.65057120000001,-79.3845675,Thai Island,43.65056717656215,-79.37953368902575,Asian Restaurant
"Richmond, Adelaide, King",43.65057120000001,-79.3845675,Teriyaki Experience,43.64705498053493,-79.38242236794093,Japanese Restaurant
"Richmond, Adelaide, King",43.65057120000001,-79.3845675,Eat Canteen,43.64728753620902,-79.38170009838223,Chinese Restaurant
"Richmond, Adelaide, King",43.65057120000001,-79.3845675,Thai Express,43.653224,-79.380327,Thai Restaurant
"Dufferin, Dovercourt Village",43.66900510000001,-79.4422593,Vanipha Asian Gourmet Catering,43.669497,-79.439097,Thai Restaurant
"Dufferin, Dovercourt Village",43.66900510000001,-79.4422593,Kuma Sushi,43.667299,-79.442839,Sushi Restaurant
"Fairview, Henry Farm, Oriole",43.7785175,-79.3465557,Thai Express,43.77799,-79.344091,Thai Restaurant
"Fairview, Henry Farm, Oriole",43.7785175,-79.3465557,Heart Sushi,43.777203,-79.343805,Japanese Restaurant
"Fairview, Henry Farm, Oriole",43.7785175,-79.3465557,Spring Rolls,43.777350695180374,-79.34397727347279,Asian Restaurant
"Fairview, Henry Farm, Oriole",43.7785175,-79.3465557,Mac Sushi,43.777130868087696,-79.34448116036727,Asian Restaurant
"Fairview, Henry Farm, Oriole",43.7785175,-79.3465557,Manchu Wok,43.77822514623288,-79.34330206344342,Chinese Restaurant
"Fairview, Henry Farm, Oriole",43.7785175,-79.3465557,Szechuan Express,43.777966,-79.343316,Asian Restaurant
"Fairview, Henry Farm, Oriole",43.7785175,-79.3465557,Teriyaki Experience,43.77832992258357,-79.34310953832035,Japanese Restaurant
"Fairview, Henry Farm, Oriole",43.7785175,-79.3465557,Yoi,43.778244,-79.34301,Japanese Restaurant
"Fairview, Henry Farm, Oriole",43.7785175,-79.3465557,Sushi Shop,43.77799,-79.344091,Restaurant
"Northwood Park, York University",43.7679803,-79.48726190000001,Carribean Heat,43.764155,-79.490227,Chinese Restaurant
"Northwood Park, York University",43.7679803,-79.48726190000001,Phở Liên Hương,43.76443735783582,-79.48977451350508,Vietnamese Restaurant
"Harbourfront East, Union Station, Toronto Islands",43.6408157,-79.38175229999999,Miku,43.64137436,-79.37753063,Japanese Restaurant
"Harbourfront East, Union Station, Toronto Islands",43.6408157,-79.38175229999999,Pearl Harbourfront,43.63815654013541,-79.38068763743328,Chinese Restaurant
"Harbourfront East, Union Station, Toronto Islands",43.6408157,-79.38175229999999,Indian Roti House,43.63906038875002,-79.38542224544638,Indian Restaurant
"Harbourfront East, Union Station, Toronto Islands",43.6408157,-79.38175229999999,Gonoe Sushi Japanese Restaurant,43.63901430970685,-79.38591360078077,Sushi Restaurant
"Harbourfront East, Union Station, Toronto Islands",43.6408157,-79.38175229999999,Sushi Shop,43.643485,-79.38096,Restaurant
"Harbourfront East, Union Station, Toronto Islands",43.6408157,-79.38175229999999,Thai Express,43.64309,-79.383071,Thai Restaurant
"Harbourfront East, Union Station, Toronto Islands",43.6408157,-79.38175229999999,Szechuan Express,43.64134582504235,-79.37796013792254,Chinese Restaurant
"Harbourfront East, Union Station, Toronto Islands",43.6408157,-79.38175229999999,Spice Thai,43.63940652819094,-79.38445898645135,Thai Restaurant
"Harbourfront East, Union Station, Toronto Islands",43.6408157,-79.38175229999999,Kinka Izakaya,43.641308,-79.38013,Japanese Restaurant
"Harbourfront East, Union Station, Toronto Islands",43.6408157,-79.38175229999999,Jaipur Grille,43.63987376128725,-79.38116674849772,Indian Restaurant
"Harbourfront East, Union Station, Toronto Islands",43.6408157,-79.38175229999999,Edo Japan,43.6382122788612,-79.38046294188636,Japanese Restaurant
"Harbourfront East, Union Station, Toronto Islands",43.6408157,-79.38175229999999,Shanghai 360,43.641647,-79.37792,Chinese Restaurant
"Harbourfront East, Union Station, Toronto Islands",43.6408157,-79.38175229999999,Shanghai 360,43.644253,-79.380936,Chinese Restaurant
"Harbourfront East, Union Station, Toronto Islands",43.6408157,-79.38175229999999,Bangkok Buri,43.644563,-79.381204,Thai Restaurant
"Harbourfront East, Union Station, Toronto Islands",43.6408157,-79.38175229999999,Sansotei Ramen,43.644606,-79.381264,Noodle House
"Harbourfront East, Union Station, Toronto Islands",43.6408157,-79.38175229999999,Water Front,43.641509989233214,-79.37586057462151,Chinese Restaurant
"Harbourfront East, Union Station, Toronto Islands",43.6408157,-79.38175229999999,Bento Sushi,43.6431619,-79.3823245,Sushi Restaurant
"Harbourfront East, Union Station, Toronto Islands",43.6408157,-79.38175229999999,Sushi Shop,43.64257,-79.383051,Restaurant
"Harbourfront East, Union Station, Toronto Islands",43.6408157,-79.38175229999999,Kinton Ramen,43.641663,-79.37907,Ramen Restaurant
"Harbourfront East, Union Station, Toronto Islands",43.6408157,-79.38175229999999,My Roti Place,43.64172,-79.37581,North Indian Restaurant
"Little Portugal, Trinity",43.647926700000006,-79.4197497,OddSeoul,43.64619218474247,-79.4196014527498,Korean Restaurant
"Little Portugal, Trinity",43.647926700000006,-79.4197497,Foxley Bistro,43.648642746283834,-79.42049525794245,Asian Restaurant
"Little Portugal, Trinity",43.647926700000006,-79.4197497,Pho Rua Vang (Golden Turtle),43.64689319654605,-79.41977781583955,Vietnamese Restaurant
"Little Portugal, Trinity",43.647926700000006,-79.4197497,Bazara,43.64853491212856,-79.4205209529485,Japanese Restaurant
"Little Portugal, Trinity",43.647926700000006,-79.4197497,Hanmoto,43.649505301973576,-79.42276783144736,Asian Restaurant
"Little Portugal, Trinity",43.647926700000006,-79.4197497,Soos,43.64625487651962,-79.4196494517963,Malay Restaurant
"Little Portugal, Trinity",43.647926700000006,-79.4197497,Pho Tien Thanh,43.6454840897343,-79.41927617283633,Vietnamese Restaurant
"Little Portugal, Trinity",43.647926700000006,-79.4197497,SoSo Food Club,43.649374803627865,-79.42160177446873,Asian Restaurant
"Little Portugal, Trinity",43.647926700000006,-79.4197497,Butter Chicken Roti,43.64367844993638,-79.42146207810633,Indian Restaurant
"Little Portugal, Trinity",43.647926700000006,-79.4197497,Indian Grill,43.646555,-79.419874,Indian Restaurant
"Little Portugal, Trinity",43.647926700000006,-79.4197497,Favourites,43.647352,-79.419781,Thai Restaurant
"Kennedy Park, Ionview, East Birchmount Park",43.7279292,-79.26202940000002,Tagpuan,43.727796354526554,-79.26602352470678,Filipino Restaurant
"Kennedy Park, Ionview, East Birchmount Park",43.7279292,-79.26202940000002,Hakka No.1,43.72768846107342,-79.26605655631751,Chinese Restaurant
"Kennedy Park, Ionview, East Birchmount Park",43.7279292,-79.26202940000002,Kumarakom,43.730274380901314,-79.26672488451004,Indian Restaurant
"Kennedy Park, Ionview, East Birchmount Park",43.7279292,-79.26202940000002,Mamma Catering,43.730325,-79.266718,Indian Restaurant
Bayview Village,43.7869473,-79.385975,Sun Star Chinese Cuisine 翠景小炒,43.78791448422642,-79.38123404311649,Chinese Restaurant
Bayview Village,43.7869473,-79.385975,luxury street Viennese,43.78789553587956,-79.38122173316394,Asian Restaurant
Bayview Village,43.7869473,-79.385975,Kaga Sushi,43.78775840092113,-79.38108976991016,Japanese Restaurant
"The Danforth West, Riverdale",43.6795571,-79.352188,Sher-E-Punjab,43.67730788939673,-79.35306551709385,Indian Restaurant
"The Danforth West, Riverdale",43.6795571,-79.352188,Sushi Friends,43.67761413097764,-79.35164084535384,Japanese Restaurant
"The Danforth West, Riverdale",43.6795571,-79.352188,Katsu Japanese Restaurant,43.67861856512561,-79.34702430590903,Sushi Restaurant
"The Danforth West, Riverdale",43.6795571,-79.352188,Mong-Kut Thai Gold,43.67792561086909,-79.35001826864205,Thai Restaurant
"The Danforth West, Riverdale",43.6795571,-79.352188,Casa Sushi,43.67790730577114,-79.35006131363478,Sushi Restaurant
"The Danforth West, Riverdale",43.6795571,-79.352188,Green Basil,43.67731523548555,-79.35285081039297,Thai Restaurant
"The Danforth West, Riverdale",43.6795571,-79.352188,Sushi Delight,43.67786692853767,-79.35022290744269,Sushi Restaurant
"The Danforth West, Riverdale",43.6795571,-79.352188,8 Sushi,43.67830115349513,-79.34751033782959,Sushi Restaurant
"The Danforth West, Riverdale",43.6795571,-79.352188,Momo Hut And Gardens,43.677491,-79.351516,Tibetan Restaurant
"Toronto Dominion Centre, Design Exchange",43.6471768,-79.38157640000001,Chotto Matte,43.646473,-79.378782,Japanese Restaurant
"Toronto Dominion Centre, Design Exchange",43.6471768,-79.38157640000001,Ki Modern Japanese + Bar,43.647167,-79.379608,Japanese Restaurant
"Toronto Dominion Centre, Design Exchange",43.6471768,-79.38157640000001,Bosk at Shangri-La,43.649022736761516,-79.38582635521233,Asian Restaurant
"Toronto Dominion Centre, Design Exchange",43.6471768,-79.38157640000001,Fune Japanese Restaurant,43.64851365544565,-79.38645657820041,Japanese Restaurant
"Toronto Dominion Centre, Design Exchange",43.6471768,-79.38157640000001,Ruby Thai (First Canadian Place),43.64909140219368,-79.38159990145141,Thai Restaurant
"Toronto Dominion Centre, Design Exchange",43.6471768,-79.38157640000001,Sweet Lulu,43.65055650489936,-79.38117543224395,Asian Restaurant
"Toronto Dominion Centre, Design Exchange",43.6471768,-79.38157640000001,Thai Island,43.64914597811404,-79.38379835292523,Thai Restaurant
"Toronto Dominion Centre, Design Exchange",43.6471768,-79.38157640000001,Ninki Izakaya,43.65022782352305,-79.38486260004564,Japanese Restaurant
"Toronto Dominion Centre, Design Exchange",43.6471768,-79.38157640000001,Szechuan Express,43.6469728132212,-79.37954884053248,Chinese Restaurant
"Toronto Dominion Centre, Design Exchange",43.6471768,-79.38157640000001,Modern Wok,43.64733928217316,-79.38435103029407,Chinese Restaurant
"Toronto Dominion Centre, Design Exchange",43.6471768,-79.38157640000001,Momofuku Noodle Bar,43.6493658716176,-79.38621652451032,Asian Restaurant
"Toronto Dominion Centre, Design Exchange",43.6471768,-79.38157640000001,Sushi-Q,43.64773753191116,-79.37969913096782,Asian Restaurant
"Toronto Dominion Centre, Design Exchange",43.6471768,-79.38157640000001,Ho Ga Oriental Cuisine,43.648043265436314,-79.383108374673,Asian Restaurant
"Toronto Dominion Centre, Design Exchange",43.6471768,-79.38157640000001,Tachi,43.65059603893127,-79.38339613055128,Sushi Restaurant
"Toronto Dominion Centre, Design Exchange",43.6471768,-79.38157640000001,Thai Express,43.648116,-79.384479,Thai Restaurant
"Toronto Dominion Centre, Design Exchange",43.6471768,-79.38157640000001,Szechuan Express,43.650655954097054,-79.37946220756815,Asian Restaurant
"Toronto Dominion Centre, Design Exchange",43.6471768,-79.38157640000001,Lee Chen Asian Bistro,43.64700977986747,-79.38653557408938,Asian Restaurant
"Toronto Dominion Centre, Design Exchange",43.6471768,-79.38157640000001,Sushi Shop,43.643485,-79.38096,Restaurant
"Toronto Dominion Centre, Design Exchange",43.6471768,-79.38157640000001,Benihana Japanese Steakhouse,43.64548308002378,-79.38278346526347,Japanese Restaurant
"Toronto Dominion Centre, Design Exchange",43.6471768,-79.38157640000001,Green Curry Viet Thai Cuisine,43.644857226898075,-79.38630274024848,Thai Restaurant
"Toronto Dominion Centre, Design Exchange",43.6471768,-79.38157640000001,Thai Express,43.64309,-79.383071,Thai Restaurant
"Toronto Dominion Centre, Design Exchange",43.6471768,-79.38157640000001,Thai Island,43.64694534397991,-79.38249379202722,Thai Restaurant
"Toronto Dominion Centre, Design Exchange",43.6471768,-79.38157640000001,Ramen Isshin,43.65053290822287,-79.38360143813185,Japanese Restaurant
"Toronto Dominion Centre, Design Exchange",43.6471768,-79.38157640000001,Thai Island,43.64687091962083,-79.37848796874363,Asian Restaurant
"Toronto Dominion Centre, Design Exchange",43.6471768,-79.38157640000001,Thai Express,43.6497393194015,-79.37892482660588,Thai Restaurant
"Toronto Dominion Centre, Design Exchange",43.6471768,-79.38157640000001,Nori,43.646152,-79.382744,Japanese Restaurant
"Toronto Dominion Centre, Design Exchange",43.6471768,-79.38157640000001,Ho Shim,43.64823812201464,-79.38290974652757,Japanese Restaurant
"Toronto Dominion Centre, Design Exchange",43.6471768,-79.38157640000001,Eat Canteen,43.64728753620902,-79.38170009838223,Chinese Restaurant
"Toronto Dominion Centre, Design Exchange",43.6471768,-79.38157640000001,Teriyaki Experience,43.64705498053493,-79.38242236794093,Japanese Restaurant
"Toronto Dominion Centre, Design Exchange",43.6471768,-79.38157640000001,Teriyaki Experience,43.6484976494426,-79.38200354576111,Japanese Restaurant
"Toronto Dominion Centre, Design Exchange",43.6471768,-79.38157640000001,Amaya Express,43.64863591762842,-79.38205397702801,Indian Restaurant
"Toronto Dominion Centre, Design Exchange",43.6471768,-79.38157640000001,Szechuan Express,43.64893917972509,-79.38197692739651,Chinese Restaurant
"Toronto Dominion Centre, Design Exchange",43.6471768,-79.38157640000001,Edo Japan,43.647686657642204,-79.37906630980225,Japanese Restaurant
"Toronto Dominion Centre, Design Exchange",43.6471768,-79.38157640000001,Kid Lee,43.649068,-79.381284,Asian Restaurant
"Toronto Dominion Centre, Design Exchange",43.6471768,-79.38157640000001,Thai Bowl,43.646558292892394,-79.38408638910376,Thai Restaurant
"Toronto Dominion Centre, Design Exchange",43.6471768,-79.38157640000001,China Wok,43.648124357760885,-79.37912129571566,Chinese Restaurant
"Toronto Dominion Centre, Design Exchange",43.6471768,-79.38157640000001,Thai Express,43.649066,-79.37693,Thai Restaurant
"Toronto Dominion Centre, Design Exchange",43.6471768,-79.38157640000001,Tamarind: The Indian Kitchen,43.646859,-79.378707,Indian Restaurant
"Toronto Dominion Centre, Design Exchange",43.6471768,-79.38157640000001,Bento Zushi,43.6474764445407,-79.38455924125307,Asian Restaurant
"Toronto Dominion Centre, Design Exchange",43.6471768,-79.38157640000001,Akco Lounge/Ho-Shim,43.648113179731794,-79.38277847292676,Japanese Restaurant
"Toronto Dominion Centre, Design Exchange",43.6471768,-79.38157640000001,Umi Sushi Express,43.64720360358605,-79.3822120459431,Asian Restaurant
"Toronto Dominion Centre, Design Exchange",43.6471768,-79.38157640000001,Koya Japan,43.6490990795264,-79.3835970395686,Japanese Restaurant
"Toronto Dominion Centre, Design Exchange",43.6471768,-79.38157640000001,Thai Express,43.648842,-79.379996,Thai Restaurant
"Toronto Dominion Centre, Design Exchange",43.6471768,-79.38157640000001,Amaya Express,43.644899556877135,-79.38623810648215,Indian Restaurant
"Toronto Dominion Centre, Design Exchange",43.6471768,-79.38157640000001,Bangkok Buri,43.644563,-79.381204,Thai Restaurant
"Toronto Dominion Centre, Design Exchange",43.6471768,-79.38157640000001,Shanghai 360,43.644253,-79.380936,Chinese Restaurant
"Toronto Dominion Centre, Design Exchange",43.6471768,-79.38157640000001,Manchu Wok,43.647368,-79.377372,Chinese Restaurant
"Toronto Dominion Centre, Design Exchange",43.6471768,-79.38157640000001,Teriyaki Experience,43.64935160150102,-79.37860250473022,Japanese Restaurant
"Toronto Dominion Centre, Design Exchange",43.6471768,-79.38157640000001,Sansotei Ramen,43.644606,-79.381264,Noodle House
"Toronto Dominion Centre, Design Exchange",43.6471768,-79.38157640000001,Katana on Bay,43.650299,-79.380858,Sushi Restaurant
"Brockton, Parkdale Village, Exhibition Place",43.6368472,-79.42819140000002,Kotta Japanese Restaurant,43.63874998596859,-79.42835029903067,Japanese Restaurant
"Brockton, Parkdale Village, Exhibition Place",43.6368472,-79.42819140000002,Pho Asia 21,43.638840395632414,-79.42769253930125,Vietnamese Restaurant
"Golden Mile, Clairlea, Oakridge",43.711111700000004,-79.2845772,Good Luck,43.70909337368361,-79.27943291060853,Chinese Restaurant
"Golden Mile, Clairlea, Oakridge",43.711111700000004,-79.2845772,Lageez,43.71085,-79.29078,Indian Restaurant
Downsview,43.7390146,-79.5069436,Yogi Noodle Delight,43.74222328790343,-79.51049343121284,Asian Restaurant
"India Bazaar, The Beaches West",43.6689985,-79.31557159999998,O Sushi,43.66668372330836,-79.3166142781831,Sushi Restaurant
"India Bazaar, The Beaches West",43.6689985,-79.31557159999998,The Mumbai House,43.6671676,-79.3128139,Indian Restaurant
"India Bazaar, The Beaches West",43.6689985,-79.31557159999998,Butter Chicken Roti,43.66636,-79.317,Indian Restaurant
"Commerce Court, Victoria Hotel",43.6481985,-79.37981690000001,Chotto Matte,43.646473,-79.378782,Japanese Restaurant
"Commerce Court, Victoria Hotel",43.6481985,-79.37981690000001,Ki Modern Japanese + Bar,43.647167,-79.379608,Japanese Restaurant
"Commerce Court, Victoria Hotel",43.6481985,-79.37981690000001,Sukhothai,43.64848710249909,-79.37454735245633,Thai Restaurant
"Commerce Court, Victoria Hotel",43.6481985,-79.37981690000001,Sweet Lulu,43.65055650489936,-79.38117543224395,Asian Restaurant
"Commerce Court, Victoria Hotel",43.6481985,-79.37981690000001,Ruby Thai (First Canadian Place),43.64909140219368,-79.38159990145141,Thai Restaurant
"Commerce Court, Victoria Hotel",43.6481985,-79.37981690000001,NAMI,43.650853361785124,-79.37588746641697,Japanese Restaurant
"Commerce Court, Victoria Hotel",43.6481985,-79.37981690000001,Bosk at Shangri-La,43.649022736761516,-79.38582635521233,Asian Restaurant
"Commerce Court, Victoria Hotel",43.6481985,-79.37981690000001,Noodle King,43.65170632794881,-79.38304628912547,Asian Restaurant
"Commerce Court, Victoria Hotel",43.6481985,-79.37981690000001,Szechuan Express,43.6469728132212,-79.37954884053248,Chinese Restaurant
"Commerce Court, Victoria Hotel",43.6481985,-79.37981690000001,Ninki Izakaya,43.65022782352305,-79.38486260004564,Japanese Restaurant
"Commerce Court, Victoria Hotel",43.6481985,-79.37981690000001,Thai Island,43.64914597811404,-79.38379835292523,Thai Restaurant
"Commerce Court, Victoria Hotel",43.6481985,-79.37981690000001,Bob's Bulgogi,43.65190800954796,-79.37752300562582,Korean Restaurant
"Commerce Court, Victoria Hotel",43.6481985,-79.37981690000001,Sushi-Q,43.64773753191116,-79.37969913096782,Asian Restaurant
"Commerce Court, Victoria Hotel",43.6481985,-79.37981690000001,Tachi,43.65059603893127,-79.38339613055128,Sushi Restaurant
"Commerce Court, Victoria Hotel",43.6481985,-79.37981690000001,Modern Wok,43.64733928217316,-79.38435103029407,Chinese Restaurant
"Commerce Court, Victoria Hotel",43.6481985,-79.37981690000001,Szechuan Express,43.650655954097054,-79.37946220756815,Asian Restaurant
"Commerce Court, Victoria Hotel",43.6481985,-79.37981690000001,Ho Ga Oriental Cuisine,43.648043265436314,-79.383108374673,Asian Restaurant
"Commerce Court, Victoria Hotel",43.6481985,-79.37981690000001,Thai Express,43.648116,-79.384479,Thai Restaurant
"Commerce Court, Victoria Hotel",43.6481985,-79.37981690000001,Mr. Sushi,43.65026041719557,-79.37626431487176,Sushi Restaurant
"Commerce Court, Victoria Hotel",43.6481985,-79.37981690000001,Thai Express,43.6497393194015,-79.37892482660588,Thai Restaurant
"Commerce Court, Victoria Hotel",43.6481985,-79.37981690000001,Thai Island,43.64687091962083,-79.37848796874363,Asian Restaurant
"Commerce Court, Victoria Hotel",43.6481985,-79.37981690000001,Thai Express,43.649066,-79.37693,Thai Restaurant
"Commerce Court, Victoria Hotel",43.6481985,-79.37981690000001,Ramen Isshin,43.65053290822287,-79.38360143813185,Japanese Restaurant
"Commerce Court, Victoria Hotel",43.6481985,-79.37981690000001,Thai Island,43.64694534397991,-79.38249379202722,Thai Restaurant
"Commerce Court, Victoria Hotel",43.6481985,-79.37981690000001,Benihana Japanese Steakhouse,43.64548308002378,-79.38278346526347,Japanese Restaurant
"Commerce Court, Victoria Hotel",43.6481985,-79.37981690000001,Kid Lee,43.649068,-79.381284,Asian Restaurant
"Commerce Court, Victoria Hotel",43.6481985,-79.37981690000001,Tamarind: The Indian Kitchen,43.646859,-79.378707,Indian Restaurant
"Commerce Court, Victoria Hotel",43.6481985,-79.37981690000001,Eat Canteen,43.64728753620902,-79.38170009838223,Chinese Restaurant
"Commerce Court, Victoria Hotel",43.6481985,-79.37981690000001,Teriyaki Experience,43.6484976494426,-79.38200354576111,Japanese Restaurant
"Commerce Court, Victoria Hotel",43.6481985,-79.37981690000001,China Wok,43.648124357760885,-79.37912129571566,Chinese Restaurant
"Commerce Court, Victoria Hotel",43.6481985,-79.37981690000001,Amaya Express,43.64863591762842,-79.38205397702801,Indian Restaurant
"Commerce Court, Victoria Hotel",43.6481985,-79.37981690000001,Teriyaki Experience,43.64935160150102,-79.37860250473022,Japanese Restaurant
"Commerce Court, Victoria Hotel",43.6481985,-79.37981690000001,Edo Japan,43.647686657642204,-79.37906630980225,Japanese Restaurant
"Commerce Court, Victoria Hotel",43.6481985,-79.37981690000001,Szechuan Express,43.64893917972509,-79.38197692739651,Chinese Restaurant
"Commerce Court, Victoria Hotel",43.6481985,-79.37981690000001,Manchu Wok,43.647368,-79.377372,Chinese Restaurant
"Commerce Court, Victoria Hotel",43.6481985,-79.37981690000001,Ninki Sushi,43.649812174244005,-79.37951837924346,Japanese Restaurant
"Commerce Court, Victoria Hotel",43.6481985,-79.37981690000001,Mean Bao,43.650355,-79.380121,Asian Restaurant
"Commerce Court, Victoria Hotel",43.6481985,-79.37981690000001,Teriyaki Experience,43.64705498053493,-79.38242236794093,Japanese Restaurant
"Commerce Court, Victoria Hotel",43.6481985,-79.37981690000001,Pick 6ix,43.64764548097961,-79.37726694070217,Sushi Restaurant
"Commerce Court, Victoria Hotel",43.6481985,-79.37981690000001,Ho Shim,43.64823812201464,-79.38290974652757,Japanese Restaurant
"Commerce Court, Victoria Hotel",43.6481985,-79.37981690000001,Katana on Bay,43.650299,-79.380858,Sushi Restaurant
"Commerce Court, Victoria Hotel",43.6481985,-79.37981690000001,Thai Express,43.648842,-79.379996,Thai Restaurant
"Commerce Court, Victoria Hotel",43.6481985,-79.37981690000001,Thai Island,43.65056717656215,-79.37953368902575,Asian Restaurant
"Commerce Court, Victoria Hotel",43.6481985,-79.37981690000001,Umi Sushi Express,43.64720360358605,-79.3822120459431,Asian Restaurant
"Commerce Court, Victoria Hotel",43.6481985,-79.37981690000001,SweetLulu,43.65057180991095,-79.38123273009326,Asian Restaurant
"Commerce Court, Victoria Hotel",43.6481985,-79.37981690000001,Akco Lounge/Ho-Shim,43.648113179731794,-79.38277847292676,Japanese Restaurant
"Commerce Court, Victoria Hotel",43.6481985,-79.37981690000001,Bibab Express,43.64777722179773,-79.37606402937946,Asian Restaurant
"Commerce Court, Victoria Hotel",43.6481985,-79.37981690000001,Koya Japan,43.6490990795264,-79.3835970395686,Japanese Restaurant
"Commerce Court, Victoria Hotel",43.6481985,-79.37981690000001,Nori,43.646152,-79.382744,Japanese Restaurant
"Commerce Court, Victoria Hotel",43.6481985,-79.37981690000001,Ichiban Sushi,43.648591,-79.374284,Japanese Restaurant
Downsview,43.7284964,-79.49569740000001,Sean's Twisted,43.72443632963932,-79.49385166168213,Korean Restaurant
Studio District,43.6595255,-79.340923,EAT BKK Thai Kitchen,43.66045,-79.343113,Thai Restaurant
Studio District,43.6595255,-79.340923,Juzz Sushi,43.660656,-79.3423,Sushi Restaurant
"Bedford Park, Lawrence Manor East",43.7332825,-79.4197497,Satay on the Road,43.735310312009226,-79.41978338676937,Thai Restaurant
"Bedford Park, Lawrence Manor East",43.7332825,-79.4197497,The Copper Chimney,43.73619518432498,-79.42027081330127,Indian Restaurant
"Bedford Park, Lawrence Manor East",43.7332825,-79.4197497,Sakura Garden,43.73339792581388,-79.41949129828605,Sushi Restaurant
"Bedford Park, Lawrence Manor East",43.7332825,-79.4197497,Nara Sushi,43.73377349763694,-79.41956007911853,Japanese Restaurant
"Bedford Park, Lawrence Manor East",43.7332825,-79.4197497,Thai One On in North York,43.736483954289646,-79.4202733039856,Thai Restaurant
"Bedford Park, Lawrence Manor East",43.7332825,-79.4197497,Issmi Sushi,43.73526929359584,-79.4199832843755,Sushi Restaurant
"Del Ray, Mount Dennis, Keelsdale and Silverthorn",43.6911158,-79.47601329999999,Oriental City Restaurant,43.690984495169374,-79.47197875008877,Chinese Restaurant
"Birch Cliff, Cliffside West",43.692657000000004,-79.2648481,UME Fashion Sushi,43.69361877441406,-79.26226806640625,Japanese Restaurant
"Willowdale, Willowdale East",43.7701199,-79.40849279999999,Satay Sate,43.76669,-79.4121,Indonesian Restaurant
"Willowdale, Willowdale East",43.7701199,-79.40849279999999,Wako Sushi + Bar,43.77080606720809,-79.41313811956255,Japanese Restaurant
"Willowdale, Willowdale East",43.7701199,-79.40849279999999,Pho 88 Vietnamese Cuisine,43.77045596393368,-79.41306424537943,Vietnamese Restaurant
"Willowdale, Willowdale East",43.7701199,-79.40849279999999,Aburi Room,43.769197,-79.414039,Sushi Restaurant
"Willowdale, Willowdale East",43.7701199,-79.40849279999999,Kinton Ramen,43.76968375926793,-79.41304877291766,Japanese Restaurant
"Willowdale, Willowdale East",43.7701199,-79.40849279999999,Konjiki Ramen,43.76699771023422,-79.41222209328754,Ramen Restaurant
"Willowdale, Willowdale East",43.7701199,-79.40849279999999,Tokyo Grill,43.769691,-79.412815,Japanese Restaurant
"Willowdale, Willowdale East",43.7701199,-79.40849279999999,Bul Go Gee House,43.76597486853444,-79.41080933466002,Korean Restaurant
"Willowdale, Willowdale East",43.7701199,-79.40849279999999,California Thai,43.7681627813845,-79.41360202303792,Thai Restaurant
"Willowdale, Willowdale East",43.7701199,-79.40849279999999,Yunshang Rice Noodle（YF）云尚米线,43.772494142574715,-79.41339880228043,Noodle House
"Willowdale, Willowdale East",43.7701199,-79.40849279999999,Manchu Wok,43.768464,-79.414017,Chinese Restaurant
"Willowdale, Willowdale East",43.7701199,-79.40849279999999,Hooraiya Sushi 자매 족발 & 보쌈,43.766682873489124,-79.41226085772503,Japanese Restaurant
"Willowdale, Willowdale East",43.7701199,-79.40849279999999,Ichiban Fish House,43.76599495334784,-79.4108127227573,Japanese Restaurant
"Willowdale, Willowdale East",43.7701199,-79.40849279999999,Ajisen Ramen 味千ラーメン,43.771444,-79.413139,Ramen Restaurant
"Willowdale, Willowdale East",43.7701199,-79.40849279999999,Ichiban Sushi House,43.76850355881456,-79.41257414624523,Sushi Restaurant
"Willowdale, Willowdale East",43.7701199,-79.40849279999999,Hiro Sushi House,43.770772446632606,-79.41310733318302,Sushi Restaurant
"Willowdale, Willowdale East",43.7701199,-79.40849279999999,PROJECT:FISH,43.7691,-79.414305,Sushi Restaurant
Downsview,43.7616313,-79.52099940000001,China Wok,43.75803933947245,-79.51996996061013,Chinese Restaurant
Lawrence Park,43.7280205,-79.3887901,Dim Sum Deluxe,43.72695269460939,-79.39426004519044,Dim Sum Restaurant
"Dorset Park, Wexford Heights, Scarborough Town Centre",43.7574096,-79.27330400000001,Kairali,43.754914739291834,-79.27694504646365,Indian Restaurant
"Dorset Park, Wexford Heights, Scarborough Town Centre",43.7574096,-79.27330400000001,Kim Kim restaurant,43.75383283792732,-79.27661122245037,Chinese Restaurant
"Dorset Park, Wexford Heights, Scarborough Town Centre",43.7574096,-79.27330400000001,Karaikudi Chettinad South Indian Restaurant,43.756041539453136,-79.27627591942013,Indian Restaurant
"Dorset Park, Wexford Heights, Scarborough Town Centre",43.7574096,-79.27330400000001,Pho Vietnam,43.757770305647185,-79.27857193068989,Vietnamese Restaurant
Davisville North,43.7127511,-79.3901975,Ho Su Korean & Japanese Restaurant,43.71000214374543,-79.39385634325662,Asian Restaurant
"Forest Hill North & West, Forest Hill Road Park",43.6969476,-79.41130720000001,Nikko Sushi Japenese Restaurant,43.700443369880006,-79.40795690464067,Sushi Restaurant
"High Park, The Junction South",43.6616083,-79.46476329999999,Isaan Der,43.665311,-79.468078,Thai Restaurant
"High Park, The Junction South",43.6616083,-79.46476329999999,Silk,43.66529073542964,-79.46623843808621,Asian Restaurant
Westmount,43.696319,-79.53224240000002,Mayflower Chinese Food,43.69275315666511,-79.53156594082111,Chinese Restaurant
Westmount,43.696319,-79.53224240000002,Joyous Thai,43.692207,-79.5321,Thai Restaurant
Westmount,43.696319,-79.53224240000002,Lan Sushi,43.69258,-79.53195,Sushi Restaurant
"Wexford, Maryvale",43.750071500000004,-79.2958491,Banh Mi Metro,43.74583,-79.295309,Vietnamese Restaurant
"North Toronto West, Lawrence Park",43.7153834,-79.40567840000001,C'est Bon,43.71678474928588,-79.40040634837081,Chinese Restaurant
"North Toronto West, Lawrence Park",43.7153834,-79.40567840000001,Sushi Shop,43.713861,-79.400093,Restaurant
"North Toronto West, Lawrence Park",43.7153834,-79.40567840000001,Issimi sushi,43.716699853536845,-79.40506000588584,Sushi Restaurant
"The Annex, North Midtown, Yorkville",43.6727097,-79.40567840000001,Roti Cuisine of India,43.67461834990478,-79.40824866273744,Indian Restaurant
"The Annex, North Midtown, Yorkville",43.6727097,-79.40567840000001,Martino's Pizza,43.67555992434719,-79.40355789179394,Asian Restaurant
"The Annex, North Midtown, Yorkville",43.6727097,-79.40567840000001,Annex Grill and Bar,43.67491340106575,-79.40670910550232,Asian Restaurant
"The Annex, North Midtown, Yorkville",43.6727097,-79.40567840000001,Sushihwa,43.674959,-79.406894,Japanese Restaurant
"Parkdale, Roncesvalles",43.6489597,-79.456325,JJ Sushi Bistro,43.65118490322183,-79.45092146391,Sushi Restaurant
"Parkdale, Roncesvalles",43.6489597,-79.456325,Cafe Tibet,43.65078000325909,-79.45106506347656,Tibetan Restaurant
"Kingsview Village, St. Phillips, Martin Grove Gardens, Richview Gardens",43.6889054,-79.55472440000001,Ichiban Sushi,43.69147000737866,-79.55568751483214,Japanese Restaurant
Agincourt,43.7942003,-79.26202940000002,Inchen House Korean Restaurant,43.79223135553377,-79.26004461141603,Korean Restaurant
Agincourt,43.7942003,-79.26202940000002,Royal Chinese Seafood Restaurant,43.798496,-79.262196,Chinese Restaurant
Davisville,43.7043244,-79.3887901,Marigold Indian Bistro,43.702880859375,-79.38800811767578,Indian Restaurant
Davisville,43.7043244,-79.3887901,Thai Spicy House,43.7019616162845,-79.3875129672506,Thai Restaurant
Davisville,43.7043244,-79.3887901,Sakae Sushi,43.70494407149989,-79.38870408604551,Sushi Restaurant
Davisville,43.7043244,-79.3887901,Hokkaido Sushi,43.708081718364554,-79.38999467246003,Sushi Restaurant
Davisville,43.7043244,-79.3887901,Bolan Thai Cuisine,43.706833,-79.3892,Thai Restaurant
Davisville,43.7043244,-79.3887901,South China Restaurant,43.701899125684406,-79.38764921558948,Chinese Restaurant
Davisville,43.7043244,-79.3887901,The Friendly Thai,43.70149480638715,-79.38726984707223,Asian Restaurant
Davisville,43.7043244,-79.3887901,Oisie sushi,43.7083013094919,-79.38842444207054,Japanese Restaurant
"University of Toronto, Harbord",43.6626956,-79.4000493,Yasu,43.66283719650635,-79.40321739973975,Japanese Restaurant
"University of Toronto, Harbord",43.6626956,-79.4000493,Gyubee,43.66708824997601,-79.4005710246546,Japanese Restaurant
"University of Toronto, Harbord",43.6626956,-79.4000493,Akai Sushi,43.66246971191281,-79.40494572728848,Sushi Restaurant
"University of Toronto, Harbord",43.6626956,-79.4000493,River Tai Restaurant,43.66290213,-79.403167,Chinese Restaurant
"University of Toronto, Harbord",43.6626956,-79.4000493,Magic Noodle,43.66272766027783,-79.4036022699349,Noodle House
"University of Toronto, Harbord",43.6626956,-79.4000493,Varsity Deli,43.664331453624065,-79.4005005807838,Korean Restaurant
"University of Toronto, Harbord",43.6626956,-79.4000493,Kee's Fine Foods,43.66319065887404,-79.39808398885582,Chinese Restaurant
"University of Toronto, Harbord",43.6626956,-79.4000493,Wonder Chicken,43.66390327128414,-79.40308104747957,Comfort Food Restaurant
"Runnymede, Swansea",43.6515706,-79.4844499,Yumi Sushi,43.64989127391365,-79.4824044490675,Japanese Restaurant
"Runnymede, Swansea",43.6515706,-79.4844499,Asa Sushi,43.64990164450559,-79.4846109228881,Sushi Restaurant
"Runnymede, Swansea",43.6515706,-79.4844499,Yama,43.6498566723268,-79.48205245542091,Sushi Restaurant
"Clarks Corners, Tam O'Shanter, Sullivan",43.7816375,-79.3043021,The Royal Chinese Restaurant 避風塘小炒,43.78050473445372,-79.29884391314476,Chinese Restaurant
"Clarks Corners, Tam O'Shanter, Sullivan",43.7816375,-79.3043021,Eight Noodles,43.77823412485005,-79.30829897588661,Noodle House
"Clarks Corners, Tam O'Shanter, Sullivan",43.7816375,-79.3043021,Kub Khao,43.780437780734204,-79.2998370364667,Thai Restaurant
"Clarks Corners, Tam O'Shanter, Sullivan",43.7816375,-79.3043021,Mystik Takeout and Catering,43.780954674738425,-79.29865857714084,Indian Restaurant
"Clarks Corners, Tam O'Shanter, Sullivan",43.7816375,-79.3043021,Halal Beef Lamb House 中華清真牛羊館,43.780459681945125,-79.29861903190613,Chinese Restaurant
"Clarks Corners, Tam O'Shanter, Sullivan",43.7816375,-79.3043021,Meet Noodles 遇见重庆小面,43.780426,-79.2985,Noodle House
"Moore Park, Summerhill East",43.6895743,-79.38315990000001,Yuzu,43.6933229425794,-79.38444927585252,Japanese Restaurant
"Kensington Market, Chinatown, Grange Park",43.6532057,-79.4000493,Saigon Lotus Restaurant,43.654310800343325,-79.39922450076845,Vietnamese Restaurant
"Kensington Market, Chinatown, Grange Park",43.6532057,-79.4000493,Banh Mi Nguyen Huong,43.653628006211044,-79.3983759881993,Asian Restaurant
"Kensington Market, Chinatown, Grange Park",43.6532057,-79.4000493,Fudao Noodle House,43.654645274716124,-79.39887355126278,Noodle House
"Kensington Market, Chinatown, Grange Park",43.6532057,-79.4000493,Dumpling House,43.65386003934455,-79.3985583639792,Dumpling Restaurant
"Kensington Market, Chinatown, Grange Park",43.6532057,-79.4000493,FILM CAFE,43.65510856565147,-79.40234241534543,Japanese Restaurant
"Kensington Market, Chinatown, Grange Park",43.6532057,-79.4000493,Xam Yu,43.655108332302866,-79.39888232423317,Chinese Restaurant
"Kensington Market, Chinatown, Grange Park",43.6532057,-79.4000493,Banh Mi Ba Le,43.652682829524515,-79.39907807640702,Vietnamese Restaurant
"Kensington Market, Chinatown, Grange Park",43.6532057,-79.4000493,New Sky Restaurant 小沙田食家,43.65533674412141,-79.39889716243826,Chinese Restaurant
"Kensington Market, Chinatown, Grange Park",43.6532057,-79.4000493,Thai Country Kitchen,43.65615859831661,-79.39942261134613,Thai Restaurant
"Kensington Market, Chinatown, Grange Park",43.6532057,-79.4000493,Sang Ho Seafood Restaurant,43.65274725995042,-79.39902086744584,Chinese Restaurant
"Kensington Market, Chinatown, Grange Park",43.6532057,-79.4000493,Kanto,43.6521668804813,-79.40484262234281,Filipino Restaurant
"Kensington Market, Chinatown, Grange Park",43.6532057,-79.4000493,Thai Noodle,43.655029914507416,-79.3994555192592,Thai Restaurant
"Kensington Market, Chinatown, Grange Park",43.6532057,-79.4000493,Swatow Restaurant 汕頭小食家,43.65386562507761,-79.39833353339202,Chinese Restaurant
"Kensington Market, Chinatown, Grange Park",43.6532057,-79.4000493,Ka Chi Korean Restaurant,43.654306552286656,-79.3992765578534,Korean Restaurant
"Kensington Market, Chinatown, Grange Park",43.6532057,-79.4000493,House of Gourmet 滿庭芳,43.653273281195816,-79.39722973434182,Chinese Restaurant
"Kensington Market, Chinatown, Grange Park",43.6532057,-79.4000493,Pho Hung,43.654434,-79.398883,Vietnamese Restaurant
"Kensington Market, Chinatown, Grange Park",43.6532057,-79.4000493,Yummy Yummy Dumpling 口口香餃子館,43.65369918349761,-79.39625877650388,Dumpling Restaurant
"Kensington Market, Chinatown, Grange Park",43.6532057,-79.4000493,Asian Legend 味香村,43.65360271388312,-79.39504693953127,Chinese Restaurant
"Kensington Market, Chinatown, Grange Park",43.6532057,-79.4000493,Tibet Cafe & Bar,43.6539054314834,-79.40027640666096,Chinese Restaurant
"Kensington Market, Chinatown, Grange Park",43.6532057,-79.4000493,Homemade Ramen 蘭州拉麵,43.65233637238558,-79.39777996857809,Noodle House
"Kensington Market, Chinatown, Grange Park",43.6532057,-79.4000493,Anh Dao,43.6562166496578,-79.39926507682435,Vietnamese Restaurant
"Kensington Market, Chinatown, Grange Park",43.6532057,-79.4000493,Juicy Dumpling,43.652722483150555,-79.39849796387996,Dumpling Restaurant
"Kensington Market, Chinatown, Grange Park",43.6532057,-79.4000493,Mother's Dumplings,43.65710501801941,-79.39955196237875,Dumpling Restaurant
"Kensington Market, Chinatown, Grange Park",43.6532057,-79.4000493,Dim Sum King Seafood Restaurant,43.653503,-79.395405,Dim Sum Restaurant
"Kensington Market, Chinatown, Grange Park",43.6532057,-79.4000493,Gushi,43.65225817681606,-79.40488372625506,Japanese Restaurant
"Kensington Market, Chinatown, Grange Park",43.6532057,-79.4000493,富來小廚 Sang's Great Seafood Restaurant,43.655145815292926,-79.39871246445931,Chinese Restaurant
"Kensington Market, Chinatown, Grange Park",43.6532057,-79.4000493,Rosewood Chinese Cuisine,43.65317123090316,-79.39670982441321,Chinese Restaurant
"Kensington Market, Chinatown, Grange Park",43.6532057,-79.4000493,Bun Saigon Vietnamese Restaurant,43.651676463481216,-79.39765619789816,Asian Restaurant
"Kensington Market, Chinatown, Grange Park",43.6532057,-79.4000493,Rol San Restaurant 龍笙棧,43.65431754076345,-79.39864998374682,Dim Sum Restaurant
"Kensington Market, Chinatown, Grange Park",43.6532057,-79.4000493,Taste of China,43.65403781840842,-79.39859786327129,Chinese Restaurant
"Kensington Market, Chinatown, Grange Park",43.6532057,-79.4000493,Rol Jui Seafood Restaurant,43.65315284886056,-79.39687676028686,Chinese Restaurant
"Kensington Market, Chinatown, Grange Park",43.6532057,-79.4000493,Sichuan Garden,43.65561823186412,-79.39881299726999,Asian Restaurant
"Kensington Market, Chinatown, Grange Park",43.6532057,-79.4000493,Hey Noodles,43.653201144370804,-79.39696241869383,Noodle House
"Kensington Market, Chinatown, Grange Park",43.6532057,-79.4000493,Seor Ak San,43.655445703873134,-79.39906312458224,Korean Restaurant
"Kensington Market, Chinatown, Grange Park",43.6532057,-79.4000493,New Ho King,43.656118589279046,-79.39943704195525,Chinese Restaurant
"Kensington Market, Chinatown, Grange Park",43.6532057,-79.4000493,King's Noodle House 富豪麵家,43.6530891014144,-79.39821356650025,Chinese Restaurant
"Kensington Market, Chinatown, Grange Park",43.6532057,-79.4000493,Origination,43.65344293243661,-79.39552035470676,Noodle House
"Kensington Market, Chinatown, Grange Park",43.6532057,-79.4000493,Chine Legendary Hot Pot & Noodles 重慶秦媽,43.65444281087195,-79.39870944812398,Hotpot Restaurant
"Kensington Market, Chinatown, Grange Park",43.6532057,-79.4000493,August 8,43.65461641307909,-79.3985709479031,Dim Sum Restaurant
"Kensington Market, Chinatown, Grange Park",43.6532057,-79.4000493,Stay Cafeteria 慢走,43.65545427446646,-79.3991632002347,Asian Restaurant
"Kensington Market, Chinatown, Grange Park",43.6532057,-79.4000493,Happy Lamb Hot Pot,43.65342480153694,-79.39543582895277,Chinese Restaurant
"Kensington Market, Chinatown, Grange Park",43.6532057,-79.4000493,Sky Dragon Chinese Restaurant 龍翔酒樓,43.65278331265585,-79.39817372355205,Dim Sum Restaurant
"Kensington Market, Chinatown, Grange Park",43.6532057,-79.4000493,Banh Mi Bar,43.65357199802993,-79.40151983926752,Vietnamese Restaurant
"Kensington Market, Chinatown, Grange Park",43.6532057,-79.4000493,R&D,43.65139546032762,-79.39731103382934,Asian Restaurant
"Kensington Market, Chinatown, Grange Park",43.6532057,-79.4000493,China Town,43.65529386337353,-79.39911200869123,Chinese Restaurant
"Kensington Market, Chinatown, Grange Park",43.6532057,-79.4000493,North-East Chinese Restaurant 華北美食,43.6531846832903,-79.3966766276528,Chinese Restaurant
"Kensington Market, Chinatown, Grange Park",43.6532057,-79.4000493,Owl of Minerva,43.652777329709636,-79.39816151985623,Korean Restaurant
"Kensington Market, Chinatown, Grange Park",43.6532057,-79.4000493,Nak Won,43.653123669571585,-79.39696767945415,Korean Restaurant
"Kensington Market, Chinatown, Grange Park",43.6532057,-79.4000493,Morals Village 德庄,43.653478325286336,-79.39563324373957,Hotpot Restaurant
"Kensington Market, Chinatown, Grange Park",43.6532057,-79.4000493,New Hong Fatt BBQ Restaurant 新鴻發美食軒,43.65334218256763,-79.39600679909486,Chinese Restaurant
"Summerhill West, Rathnelly, South Hill, Forest Hill SE, Deer Park",43.68641229999999,-79.4000493,Daeco Sushi,43.68783769992881,-79.39565249242683,Sushi Restaurant
"Summerhill West, Rathnelly, South Hill, Forest Hill SE, Deer Park",43.68641229999999,-79.4000493,Sprout,43.687995609133544,-79.39465149552744,Asian Restaurant
"South Steeles, Silverstone, Humbergate, Jamestown, Mount Olive, Beaumond Heights, Thistletown, Albion Gardens",43.739416399999996,-79.5884369,Biryani Plus,43.73922627876771,-79.59022255027848,Indian Restaurant
"South Steeles, Silverstone, Humbergate, Jamestown, Mount Olive, Beaumond Heights, Thistletown, Albion Gardens",43.739416399999996,-79.5884369,Govardhan Thali,43.742716,-79.586861,Indian Restaurant
"South Steeles, Silverstone, Humbergate, Jamestown, Mount Olive, Beaumond Heights, Thistletown, Albion Gardens",43.739416399999996,-79.5884369,NORI SUSHI,43.742775,-79.586985,Japanese Restaurant
"South Steeles, Silverstone, Humbergate, Jamestown, Mount Olive, Beaumond Heights, Thistletown, Albion Gardens",43.739416399999996,-79.5884369,Kashmir Curry and Biryani House,43.742741,-79.584436,Indian Restaurant
"Steeles West, L'Amoreaux West",43.799525200000005,-79.3183887,Mr Congee Chinese Cuisine 龍粥記,43.798878792587615,-79.3183345011537,Chinese Restaurant
"Steeles West, L'Amoreaux West",43.799525200000005,-79.3183887,Phoenix Restaurant 金鳳餐廳,43.79819775434163,-79.31843152382791,Chinese Restaurant
"Steeles West, L'Amoreaux West",43.799525200000005,-79.3183887,Super Taste Noodle House,43.79821726507988,-79.31851254896291,Noodle House
"Steeles West, L'Amoreaux West",43.799525200000005,-79.3183887,Yamamoto Japanese Cuisine 山本盛世,43.79858925165167,-79.31855825035903,Japanese Restaurant
"Steeles West, L'Amoreaux West",43.799525200000005,-79.3183887,Nantha's Bakery,43.79643013115188,-79.3191507994383,Indian Restaurant
Rosedale,43.6795626,-79.37752940000001,Saigonlotus,43.68128069011653,-79.38240051269531,Japanese Restaurant
Stn A PO Boxes,43.6464352,-79.37484599999999,Sukhothai,43.64848710249909,-79.37454735245633,Thai Restaurant
Stn A PO Boxes,43.6464352,-79.37484599999999,Chotto Matte,43.646473,-79.378782,Japanese Restaurant
Stn A PO Boxes,43.6464352,-79.37484599999999,Ki Modern Japanese + Bar,43.647167,-79.379608,Japanese Restaurant
Stn A PO Boxes,43.6464352,-79.37484599999999,NAMI,43.650853361785124,-79.37588746641697,Japanese Restaurant
Stn A PO Boxes,43.6464352,-79.37484599999999,Bindia Indian Bistro,43.64855916613238,-79.37181600953608,Indian Restaurant
Stn A PO Boxes,43.6464352,-79.37484599999999,Szechuan Express,43.6469728132212,-79.37954884053248,Chinese Restaurant
Stn A PO Boxes,43.6464352,-79.37484599999999,Sushi-Q,43.64773753191116,-79.37969913096782,Asian Restaurant
Stn A PO Boxes,43.6464352,-79.37484599999999,Oyshi Sushi,43.64234005516476,-79.37585304260914,Sushi Restaurant
Stn A PO Boxes,43.6464352,-79.37484599999999,Mr. Sushi,43.65026041719557,-79.37626431487176,Sushi Restaurant
Stn A PO Boxes,43.6464352,-79.37484599999999,Ichiban Sushi,43.648591,-79.374284,Japanese Restaurant
Stn A PO Boxes,43.6464352,-79.37484599999999,Thai Express,43.649066,-79.37693,Thai Restaurant
Stn A PO Boxes,43.6464352,-79.37484599999999,Thai Island,43.64687091962083,-79.37848796874363,Asian Restaurant
Stn A PO Boxes,43.6464352,-79.37484599999999,Bibab Express,43.64777722179773,-79.37606402937946,Asian Restaurant
Stn A PO Boxes,43.6464352,-79.37484599999999,Manchu Wok,43.647368,-79.377372,Chinese Restaurant
Stn A PO Boxes,43.6464352,-79.37484599999999,Pick 6ix,43.64764548097961,-79.37726694070217,Sushi Restaurant
Stn A PO Boxes,43.6464352,-79.37484599999999,Tamarind: The Indian Kitchen,43.646859,-79.378707,Indian Restaurant
Stn A PO Boxes,43.6464352,-79.37484599999999,Thai Express,43.6497393194015,-79.37892482660588,Thai Restaurant
Stn A PO Boxes,43.6464352,-79.37484599999999,Teriyaki quik sushi,43.64845254569627,-79.37184637587276,Japanese Restaurant
Stn A PO Boxes,43.6464352,-79.37484599999999,Yip's Kitchen,43.64865937093581,-79.37162358189659,Asian Restaurant
Stn A PO Boxes,43.6464352,-79.37484599999999,Edo Japan,43.647686657642204,-79.37906630980225,Japanese Restaurant
Stn A PO Boxes,43.6464352,-79.37484599999999,Ying Ying Soy Food,43.64899366575782,-79.37149443782867,Chinese Restaurant
Stn A PO Boxes,43.6464352,-79.37484599999999,China Wok,43.648124357760885,-79.37912129571566,Chinese Restaurant
Stn A PO Boxes,43.6464352,-79.37484599999999,Teriyaki Experience,43.64935160150102,-79.37860250473022,Japanese Restaurant
Stn A PO Boxes,43.6464352,-79.37484599999999,Bi Bap Express,43.64745335026021,-79.37667439097233,Sushi Restaurant
Stn A PO Boxes,43.6464352,-79.37484599999999,Bibab Express Sushi n Rolls,43.647768473383785,-79.37441438333167,Sushi Restaurant
Stn A PO Boxes,43.6464352,-79.37484599999999,Thai Express,43.648842,-79.379996,Thai Restaurant
Stn A PO Boxes,43.6464352,-79.37484599999999,Kibo Sushi House,43.643418,-79.375694,Sushi Restaurant
Stn A PO Boxes,43.6464352,-79.37484599999999,Bikkuri Japanese,43.649564308142,-79.37632789169632,Japanese Restaurant
Stn A PO Boxes,43.6464352,-79.37484599999999,Sushi Shop,43.647261,-79.378599,Restaurant
Stn A PO Boxes,43.6464352,-79.37484599999999,Bento Nouveau,43.64872477519558,-79.37929175183983,Sushi Restaurant
Stn A PO Boxes,43.6464352,-79.37484599999999,Bento Sushi,43.64672524626582,-79.37974813282123,Restaurant
Stn A PO Boxes,43.6464352,-79.37484599999999,Sushi Shop,43.645319,-79.380406,Restaurant
"Alderwood, Long Branch",43.60241370000001,-79.54348409999999,Feast of Dilli,43.60062,-79.545074,Indian Restaurant
"Alderwood, Long Branch",43.60241370000001,-79.54348409999999,Peony Thai & Chinese Cuisine,43.598908685775086,-79.54431013687135,Asian Restaurant
"Alderwood, Long Branch",43.60241370000001,-79.54348409999999,Dong Gia Viet Thai Cuisine,43.598515,-79.54401,Thai Restaurant
"Alderwood, Long Branch",43.60241370000001,-79.54348409999999,Royal Myanmar,43.603347,-79.53909,Burmese Restaurant
"St. James Town, Cabbagetown",43.667967,-79.3676753,Butter Chicken Factory,43.66707247004843,-79.36918422958169,Indian Restaurant
"St. James Town, Cabbagetown",43.667967,-79.3676753,Kingyo Toronto,43.66589495808371,-79.36841520638596,Japanese Restaurant
"St. James Town, Cabbagetown",43.667967,-79.3676753,Thai Room - Carlton,43.6641587260231,-79.36818872980979,Thai Restaurant
"St. James Town, Cabbagetown",43.667967,-79.3676753,China Gourmet,43.6641802410051,-79.36835925727236,Chinese Restaurant
"St. James Town, Cabbagetown",43.667967,-79.3676753,Tender Trap Restaurant,43.66772379650776,-79.36948477788651,Chinese Restaurant
"St. James Town, Cabbagetown",43.667967,-79.3676753,Kanpai Snack Bar,43.664330935948634,-79.36806503124257,Taiwanese Restaurant
"St. James Town, Cabbagetown",43.667967,-79.3676753,Kibo Sushi,43.665617,-79.368388,Sushi Restaurant
"First Canadian Place, Underground city",43.6484292,-79.3822802,Bosk at Shangri-La,43.649022736761516,-79.38582635521233,Asian Restaurant
"First Canadian Place, Underground city",43.6484292,-79.3822802,Ki Modern Japanese + Bar,43.647167,-79.379608,Japanese Restaurant
"First Canadian Place, Underground city",43.6484292,-79.3822802,Fune Japanese Restaurant,43.64851365544565,-79.38645657820041,Japanese Restaurant
"First Canadian Place, Underground city",43.6484292,-79.3822802,Chotto Matte,43.646473,-79.378782,Japanese Restaurant
"First Canadian Place, Underground city",43.6484292,-79.3822802,Ninki Izakaya,43.65022782352305,-79.38486260004564,Japanese Restaurant
"First Canadian Place, Underground city",43.6484292,-79.3822802,Sweet Lulu,43.65055650489936,-79.38117543224395,Asian Restaurant
"First Canadian Place, Underground city",43.6484292,-79.3822802,Noodle King,43.65170632794881,-79.38304628912547,Asian Restaurant
"First Canadian Place, Underground city",43.6484292,-79.3822802,Thai Island,43.64914597811404,-79.38379835292523,Thai Restaurant
"First Canadian Place, Underground city",43.6484292,-79.3822802,Ruby Thai (First Canadian Place),43.64909140219368,-79.38159990145141,Thai Restaurant
"First Canadian Place, Underground city",43.6484292,-79.3822802,JaBistro,43.64968685893743,-79.38809001547467,Japanese Restaurant
"First Canadian Place, Underground city",43.6484292,-79.3822802,Momofuku Noodle Bar,43.6493658716176,-79.38621652451032,Asian Restaurant
"First Canadian Place, Underground city",43.6484292,-79.3822802,Tachi,43.65059603893127,-79.38339613055128,Sushi Restaurant
"First Canadian Place, Underground city",43.6484292,-79.3822802,Szechuan Express,43.6469728132212,-79.37954884053248,Chinese Restaurant
"First Canadian Place, Underground city",43.6484292,-79.3822802,Modern Wok,43.64733928217316,-79.38435103029407,Chinese Restaurant
"First Canadian Place, Underground city",43.6484292,-79.3822802,Yuzu No Hana,43.6483011115534,-79.3883359381972,Japanese Restaurant
"First Canadian Place, Underground city",43.6484292,-79.3822802,Sushi-Q,43.64773753191116,-79.37969913096782,Asian Restaurant
"First Canadian Place, Underground city",43.6484292,-79.3822802,Ho Ga Oriental Cuisine,43.648043265436314,-79.383108374673,Asian Restaurant
"First Canadian Place, Underground city",43.6484292,-79.3822802,Thai Express,43.648116,-79.384479,Thai Restaurant
"First Canadian Place, Underground city",43.6484292,-79.3822802,Szechuan Express,43.650655954097054,-79.37946220756815,Asian Restaurant
"First Canadian Place, Underground city",43.6484292,-79.3822802,Lee Chen Asian Bistro,43.64700977986747,-79.38653557408938,Asian Restaurant
"First Canadian Place, Underground city",43.6484292,-79.3822802,Ramen Isshin,43.65053290822287,-79.38360143813185,Japanese Restaurant
"First Canadian Place, Underground city",43.6484292,-79.3822802,Thai Island,43.64694534397991,-79.38249379202722,Thai Restaurant
"First Canadian Place, Underground city",43.6484292,-79.3822802,Benihana Japanese Steakhouse,43.64548308002378,-79.38278346526347,Japanese Restaurant
"First Canadian Place, Underground city",43.6484292,-79.3822802,Thai Express,43.6497393194015,-79.37892482660588,Thai Restaurant
"First Canadian Place, Underground city",43.6484292,-79.3822802,Thai Island,43.64687091962083,-79.37848796874363,Asian Restaurant
"First Canadian Place, Underground city",43.6484292,-79.3822802,Kid Lee,43.649068,-79.381284,Asian Restaurant
"First Canadian Place, Underground city",43.6484292,-79.3822802,Ho Shim,43.64823812201464,-79.38290974652757,Japanese Restaurant
"First Canadian Place, Underground city",43.6484292,-79.3822802,Eat Canteen,43.64728753620902,-79.38170009838223,Chinese Restaurant
"First Canadian Place, Underground city",43.6484292,-79.3822802,Teriyaki Experience,43.64705498053493,-79.38242236794093,Japanese Restaurant
"First Canadian Place, Underground city",43.6484292,-79.3822802,Teriyaki Experience,43.6484976494426,-79.38200354576111,Japanese Restaurant
"First Canadian Place, Underground city",43.6484292,-79.3822802,Koya Japan,43.6490990795264,-79.3835970395686,Japanese Restaurant
"First Canadian Place, Underground city",43.6484292,-79.3822802,Amaya Express,43.64863591762842,-79.38205397702801,Indian Restaurant
"First Canadian Place, Underground city",43.6484292,-79.3822802,Szechuan Express,43.64893917972509,-79.38197692739651,Chinese Restaurant
"First Canadian Place, Underground city",43.6484292,-79.3822802,Bento Zushi,43.6474764445407,-79.38455924125307,Asian Restaurant
"First Canadian Place, Underground city",43.6484292,-79.3822802,Wikki Hut,43.65052888986753,-79.38342187846952,Asian Restaurant
"First Canadian Place, Underground city",43.6484292,-79.3822802,Thai Express,43.649066,-79.37693,Thai Restaurant
"First Canadian Place, Underground city",43.6484292,-79.3822802,Bibab Express,43.650442786309945,-79.38335749932767,Korean Restaurant
"First Canadian Place, Underground city",43.6484292,-79.3822802,Katana on Bay,43.650299,-79.380858,Sushi Restaurant
"First Canadian Place, Underground city",43.6484292,-79.3822802,Little Khao,43.650317,-79.383917,Thai Restaurant
"First Canadian Place, Underground city",43.6484292,-79.3822802,SweetLulu,43.65057180991095,-79.38123273009326,Asian Restaurant
"First Canadian Place, Underground city",43.6484292,-79.3822802,Thai Bowl,43.646558292892394,-79.38408638910376,Thai Restaurant
"First Canadian Place, Underground city",43.6484292,-79.3822802,Nori,43.646152,-79.382744,Japanese Restaurant
"First Canadian Place, Underground city",43.6484292,-79.3822802,Thai Express,43.648842,-79.379996,Thai Restaurant
"First Canadian Place, Underground city",43.6484292,-79.3822802,Akco Lounge/Ho-Shim,43.648113179731794,-79.38277847292676,Japanese Restaurant
"First Canadian Place, Underground city",43.6484292,-79.3822802,Umi Sushi Express,43.64720360358605,-79.3822120459431,Asian Restaurant
"First Canadian Place, Underground city",43.6484292,-79.3822802,China Wok,43.648124357760885,-79.37912129571566,Chinese Restaurant
"First Canadian Place, Underground city",43.6484292,-79.3822802,Little Dailo,43.650722,-79.382809,Chinese Restaurant
"First Canadian Place, Underground city",43.6484292,-79.3822802,Edo Japan,43.647686657642204,-79.37906630980225,Japanese Restaurant
"First Canadian Place, Underground city",43.6484292,-79.3822802,Mean Bao,43.650355,-79.380121,Asian Restaurant
"First Canadian Place, Underground city",43.6484292,-79.3822802,Ninki Sushi,43.649812174244005,-79.37951837924346,Japanese Restaurant
Church and Wellesley,43.6658599,-79.38315990000001,Si Lom,43.66501007731949,-79.38068288199048,Thai Restaurant
Church and Wellesley,43.6658599,-79.38315990000001,Tokyo Grill,43.665085238149395,-79.38470692554789,Japanese Restaurant
Church and Wellesley,43.6658599,-79.38315990000001,Kothur Indian Cuisine,43.66787229558206,-79.38565911153148,Indian Restaurant
Church and Wellesley,43.6658599,-79.38315990000001,Kawa Sushi,43.66389438938988,-79.38021009464505,Japanese Restaurant
Church and Wellesley,43.6658599,-79.38315990000001,Tokyo Kitchen,43.66878262373862,-79.38515305215851,Japanese Restaurant
Church and Wellesley,43.6658599,-79.38315990000001,Ginger,43.665371542785785,-79.38084590182032,Vietnamese Restaurant
Church and Wellesley,43.6658599,-79.38315990000001,Sushi Garden,43.66485840073255,-79.38494112880176,Sushi Restaurant
Church and Wellesley,43.6658599,-79.38315990000001,Onnki Donburi,43.669757426551236,-79.3845741987884,Japanese Restaurant
Church and Wellesley,43.6658599,-79.38315990000001,Tokyo Sushi,43.665885330936845,-79.38697684868161,Sushi Restaurant
Church and Wellesley,43.6658599,-79.38315990000001,Mr. Tonkatsu,43.66438157920901,-79.38440717744646,Japanese Restaurant
Church and Wellesley,43.6658599,-79.38315990000001,Okonomi House お好みハウス,43.66844763699195,-79.38688420443032,Japanese Restaurant
Church and Wellesley,43.6658599,-79.38315990000001,Crown Princess Fine Dining 伯爵名宴,43.66645492941117,-79.38769789187712,Chinese Restaurant
Church and Wellesley,43.6658599,-79.38315990000001,OJA Restaurant,43.6689434910527,-79.38624132580058,Korean Restaurant
Church and Wellesley,43.6658599,-79.38315990000001,Koyoi,43.666615623554506,-79.38559610449073,Japanese Restaurant
Church and Wellesley,43.6658599,-79.38315990000001,Wow! Sushi,43.668514,-79.386686,Sushi Restaurant
Church and Wellesley,43.6658599,-79.38315990000001,Meet Dumplings,43.6678514919191,-79.38576327152461,Chinese Restaurant
Church and Wellesley,43.6658599,-79.38315990000001,Rolltation,43.669388,-79.386566,Sushi Restaurant
Church and Wellesley,43.6658599,-79.38315990000001,Sushi Box,43.66295954544153,-79.38657996066198,Sushi Restaurant
Church and Wellesley,43.6658599,-79.38315990000001,Miss Korea,43.668949890121645,-79.38616491615092,Korean Restaurant
Church and Wellesley,43.6658599,-79.38315990000001,Kokoni Izakaya,43.664181433817156,-79.38025833040214,Japanese Restaurant
Church and Wellesley,43.6658599,-79.38315990000001,Not Just Noodles,43.664969727622335,-79.3846589877698,Chinese Restaurant
Church and Wellesley,43.6658599,-79.38315990000001,Seoulicious,43.665304,-79.384902,Korean Restaurant
Church and Wellesley,43.6658599,-79.38315990000001,Just Thai,43.66502168978992,-79.38067592159764,Thai Restaurant
Church and Wellesley,43.6658599,-79.38315990000001,Sukhi Biryani House,43.66947836385186,-79.38597609141183,Indian Restaurant
Church and Wellesley,43.6658599,-79.38315990000001,Avocado,43.667682,-79.388509,Japanese Restaurant
Church and Wellesley,43.6658599,-79.38315990000001,FUSHIMI Authentic Japanese Cuisine,43.66515221745519,-79.38071878742738,Sushi Restaurant
Church and Wellesley,43.6658599,-79.38315990000001,Wabar,43.66757714374821,-79.38531462279731,Korean Restaurant
Church and Wellesley,43.6658599,-79.38315990000001,Sansotei Ramen 三草亭,43.666734794517005,-79.3853530009483,Ramen Restaurant
Church and Wellesley,43.6658599,-79.38315990000001,Korean Grill House,43.66935232630079,-79.38638726660214,Korean Restaurant
Church and Wellesley,43.6658599,-79.38315990000001,Ginger,43.669135788118446,-79.38632451321888,Vietnamese Restaurant
Church and Wellesley,43.6658599,-79.38315990000001,Thai Fantasy,43.66506976184129,-79.38468883871423,Thai Restaurant
Church and Wellesley,43.6658599,-79.38315990000001,E Sushi,43.66425280040932,-79.38417436177954,Japanese Restaurant
Church and Wellesley,43.6658599,-79.38315990000001,Sushi & BBQ,43.66526698320756,-79.38486347815568,Asian Restaurant
Church and Wellesley,43.6658599,-79.38315990000001,Asahi Sushi,43.66987385309732,-79.38294265075162,Sushi Restaurant
Church and Wellesley,43.6658599,-79.38315990000001,Ehwa Restaurant,43.66786120998408,-79.38488436577298,Asian Restaurant
Church and Wellesley,43.6658599,-79.38315990000001,Ramen Raijin 雷神,43.6651907105415,-79.38597392728876,Ramen Restaurant
Church and Wellesley,43.6658599,-79.38315990000001,Indian Roti House,43.66438249736424,-79.38046844039624,Indian Restaurant
Church and Wellesley,43.6658599,-79.38315990000001,K-Wok,43.667835,-79.38599,Korean Restaurant
Church and Wellesley,43.6658599,-79.38315990000001,Zyng Asian Grill,43.66874459026651,-79.38609486619072,Asian Restaurant
Church and Wellesley,43.6658599,-79.38315990000001,Tokyo Kitchen,43.668888,-79.385346,Japanese Restaurant
Church and Wellesley,43.6658599,-79.38315990000001,Kobi,43.668426,-79.386284,Korean Restaurant
Church and Wellesley,43.6658599,-79.38315990000001,Aji Sai Plus,43.66744867210171,-79.38554424257251,Japanese Restaurant
Church and Wellesley,43.6658599,-79.38315990000001,Kaizen Sushi and Sake Bar,43.664327,-79.384389,Sushi Restaurant
Church and Wellesley,43.6658599,-79.38315990000001,Mo Gou Yan Lanzhou Noodle 磨沟沿,43.669513,-79.386632,Noodle House
Church and Wellesley,43.6658599,-79.38315990000001,Top Tea,43.66962881201048,-79.38641213860431,Chinese Restaurant
Church and Wellesley,43.6658599,-79.38315990000001,Hana Sushi,43.662029,-79.38458,Japanese Restaurant
Church and Wellesley,43.6658599,-79.38315990000001,Sushi Sky,43.66244625914365,-79.3836036410283,Japanese Restaurant
Church and Wellesley,43.6658599,-79.38315990000001,Rolltation,43.66137901450242,-79.38266019187613,Fast Food Restaurant
Church and Wellesley,43.6658599,-79.38315990000001,Sushi Club,43.66849078866492,-79.38788692648214,Sushi Restaurant
Church and Wellesley,43.6658599,-79.38315990000001,Kenzo Japanese Noodle House,43.66370201195534,-79.38405261531642,Ramen Restaurant
"Business reply mail Processing Centre, South Central Letter Processing Plant Toronto",43.6627439,-79.321558,My Little Dumplings,43.66450364048565,-79.32570911999689,Dumpling Restaurant
